10.0.2.19,1039,10.0.2.1,53,17,1,56,1,72,56,56,56,0,72,72,72,0,0,0,0,0,0,0,0,0,165709,165709,165709,165709,0,0,0,0,0,1,56,1,72,0,0,0,0,28,20,0
10.0.2.2,1037,239.255.255.250,1900,17,3,483,0,0,161,161,161,0,-1,-1,-1,0,0,0,0,0,0,0,0,0,6007884,0,0,0,0,3003548,3003942,3004336,557,1,161,0,0,0,0,0,0,68,0,0
10.0.2.19,1033,239.255.255.250,1900,17,1,161,0,0,161,161,161,0,-1,-1,-1,0,0,0,0,0,0,0,0,0,0,0,0,0,0,0,0,0,0,1,161,0,0,0,0,0,0,28,0,0
10.0.2.1,67,10.0.2.19,68,17,2,661,0,0,328,330,333,3,-1,-1,-1,0,113348,113348,113348,0,0,0,0,0,113348,113348,113348,113348,0,0,0,0,0,2,661,0,0,0,0,0,0,48,0,0
10.0.2.2,1033,239.255.255.250,1900,17,1,161,0,0,161,161,161,0,-1,-1,-1,0,0,0,0,0,0,0,0,0,0,0,0,0,0,0,0,0,0,1,161,0,0,0,0,0,0,28,0,0
0.0.0.0,68,255.255.255.255,67,17,4,1340,0,0,328,335,345,8,-1,-1,-1,0,46014,47487,48960,2083,0,0,0,0,44185834,46014,47487,48960,2083,44090860,44090860,44090860,0,2,670,0,0,0,0,0,0,88,0,0
10.0.2.19,1037,239.255.255.250,1900,17,3,483,0,0,161,161,161,0,-1,-1,-1,0,0,0,0,0,0,0,0,0,6006266,0,0,0,0,3002946,3003133,3003320,264,1,161,0,0,0,0,0,0,68,0,0
10.0.0.14,1029,10.0.0.1,53,17,1,54,1,214,54,54,54,0,214,214,214,0,0,0,0,0,0,0,0,0,696065,696065,696065,696065,0,0,0,0,0,1,54,1,214,0,0,0,0,28,20,0
10.0.0.14,1043,192.168.1.4,80,6,5,407,2,396,40,81,239,88,48,198,348,212,223,80818,209947,112971,84315,84315,84315,0,60198820,0,121228,242456,171442,59956364,59956364,59956364,0,2,203,1,198,1,1,0,0,208,88,0
10.0.0.14,1046,209.85.148.104,80,6,5,373,5,854,40,74,205,72,40,170,686,288,341,59937,194783,92107,47,79010,121049,57090,359112,359112,359112,359112,0,0,0,0,0,5,373,5,854,1,1,0,0,208,208,0
10.0.0.14,1047,209.85.148.94,80,6,6,412,5,4210,40,68,204,66,40,842,1374,728,242,45242,152788,63103,20823,43512,87576,31429,226211,226211,226211,226211,0,0,0,0,0,6,412,5,4210,1,0,0,0,248,208,0
10.0.0.14,26734,2.40.121.74,16536,17,1,264,0,0,264,264,264,0,-1,-1,-1,0,0,0,0,0,0,0,0,0,0,0,0,0,0,0,0,0,0,1,264,0,0,0,0,0,0,28,0,0
10.0.0.14,26734,76.242.77.104,28755,17,2,439,6,2576,187,219,252,45,137,429,524,148,205773,205773,205773,0,36,46580,199453,85945,438019,438019,438019,438019,0,0,0,0,0,2,439,6,2576,0,0,0,0,48,120,0
10.0.0.14,26734,59.116.98.58,27505,17,1,158,0,0,158,158,158,0,-1,-1,-1,0,0,0,0,0,0,0,0,0,0,0,0,0,0,0,0,0,0,1,158,0,0,0,0,0,0,28,0,0
10.0.0.14,26734,24.78.114.157,25022,17,2,484,6,2698,225,242,259,24,210,449,535,123,280227,280227,280227,0,43,63768,283784,123343,598194,598194,598194,598194,0,0,0,0,0,2,484,6,2698,0,0,0,0,48,120,0
10.0.0.11,1033,239.255.255.250,1900,17,1,161,0,0,161,161,161,0,-1,-1,-1,0,0,0,0,0,0,0,0,0,0,0,0,0,0,0,0,0,0,1,161,0,0,0,0,0,0,28,0,0
10.0.0.14,26734,71.16.73.123,14691,17,1,172,0,0,172,172,172,0,-1,-1,-1,0,0,0,0,0,0,0,0,0,0,0,0,0,0,0,0,0,0,1,172,0,0,0,0,0,0,28,0,0
10.0.0.11,138,10.0.0.255,138,17,23,5144,0,0,202,223,244,11,-1,-1,-1,0,256,319091,990102,371414,0,0,0,0,144296851,0,139602,1002143,339697,1001326,9470880,60007438,18840861,1,321,0,0,0,0,0,0,468,0,0
10.0.0.14,26734,50.88.155.125,10133,17,1,247,0,0,247,247,247,0,-1,-1,-1,0,0,0,0,0,0,0,0,0,0,0,0,0,0,0,0,0,0,1,247,0,0,0,0,0,0,28,0,0
10.0.0.14,1048,80.179.155.126,26816,6,5,718,4,415,40,143,550,227,40,103,287,122,242,454976,1052069,540170,371819,464443,557067,130990,31223428,276,682602,1364929,964955,29858223,29858223,29858223,0,2,359,2,207,1,1,0,0,208,168,0
10.0.0.14,26734,82.52.235.37,18224,17,2,416,6,2691,147,208,269,86,247,448,526,103,77413,77413,77413,0,20,33629,105165,48371,244816,244816,244816,244816,0,0,0,0,0,2,416,6,2691,0,0,0,0,48,120,0
10.0.0.14,26734,75.18.44.210,12648,17,273,48651,276,392391,78,178,277,56,206,1421,1452,146,198110,223504,579572,32751,40,220352,579678,41570,67478512,8291063,20192905,35930327,14213232,1900712,3449898,4999085,2190880,91,16217,92,130797,0,0,0,0,5468,5520,0
10.0.0.14,26734,175.177.31.173,25580,17,205,37914,205,290050,78,184,292,57,119,1414,1452,174,316763,354028,678000,41989,43,346544,696129,63615,91161793,3140562,14228891,24194329,9257183,5001073,5004334,5006389,2281,41,7582,41,58010,0,0,0,0,4108,4100,0
10.0.0.14,26734,118.171.233.43,11518,17,2,435,6,2765,171,217,264,65,229,460,535,124,391569,391569,391569,0,45,78427,348861,151559,782971,782971,782971,782971,0,0,0,0,0,2,435,6,2765,0,0,0,0,48,120,0
10.0.0.14,138,10.0.0.255,138,17,7,1490,0,0,204,212,229,11,-1,-1,-1,0,318,318,318,0,0,0,0,0,25797428,0,53,318,129,1501707,5159422,16445354,6473013,1,248,0,0,0,0,0,0,148,0,0
10.0.0.14,26734,173.22.138.123,18554,17,1,160,0,0,160,160,160,0,-1,-1,-1,0,0,0,0,0,0,0,0,0,0,0,0,0,0,0,0,0,0,1,160,0,0,0,0,0,0,28,0,0
10.0.0.14,26734,99.127.226.43,17423,17,2,433,6,2546,185,216,248,44,207,424,529,113,239370,239370,239370,0,42,52602,221826,95477,501749,501749,501749,501749,0,0,0,0,0,2,433,6,2546,0,0,0,0,48,120,0
10.0.0.14,26734,174.95.97.91,28968,17,1,197,0,0,197,197,197,0,-1,-1,-1,0,0,0,0,0,0,0,0,0,0,0,0,0,0,0,0,0,0,1,197,0,0,0,0,0,0,28,0,0
10.0.0.14,26734,98.237.13.215,28411,17,1,272,0,0,272,272,272,0,-1,-1,-1,0,0,0,0,0,0,0,0,0,0,0,0,0,0,0,0,0,0,1,272,0,0,0,0,0,0,28,0,0
10.0.0.14,26734,122.168.38.130,29521,17,1,229,0,0,229,229,229,0,-1,-1,-1,0,0,0,0,0,0,0,0,0,0,0,0,0,0,0,0,0,0,1,229,0,0,0,0,0,0,28,0,0
10.0.0.14,26734,14.97.108.236,15003,17,1,155,0,0,155,155,155,0,-1,-1,-1,0,0,0,0,0,0,0,0,0,0,0,0,0,0,0,0,0,0,1,155,0,0,0,0,0,0,28,0,0
10.0.0.14,26734,87.28.254.31,20688,17,1,169,0,0,169,169,169,0,-1,-1,-1,0,0,0,0,0,0,0,0,0,0,0,0,0,0,0,0,0,0,1,169,0,0,0,0,0,0,28,0,0
10.0.0.14,26734,212.81.199.91,10700,17,2,195,6,2542,84,97,111,19,141,423,532,144,126110,126110,126110,0,40,36752,94953,36454,309314,309314,309314,309314,0,0,0,0,0,2,195,6,2542,0,0,0,0,48,120,0
10.0.0.11,137,10.0.0.255,137,17,30,2772,0,0,78,92,96,7,-1,-1,-1,0,141,550455,844666,331161,0,0,0,0,27334940,0,4954098,8361581,4390105,1628547,6236322,10844097,6516377,10,924,0,0,0,0,0,0,608,0,0
10.0.0.11,1037,239.255.255.250,1900,17,3,483,0,0,161,161,161,0,-1,-1,-1,0,0,0,0,0,0,0,0,0,6030451,0,0,0,0,3015109,3015225,3015342,164,1,161,0,0,0,0,0,0,68,0,0
10.0.0.1,67,10.0.0.14,68,17,2,658,0,0,328,329,330,1,-1,-1,-1,0,539789,539789,539789,0,0,0,0,0,539789,539789,539789,539789,0,0,0,0,0,2,658,0,0,0,0,0,0,48,0,0
10.0.0.14,26734,115.117.220.192,23412,17,2,416,6,2648,184,208,232,33,238,441,525,112,0,0,0,0,42,93248,264258,117663,2732505,740,124578,372995,215135,1119037,1179385,1239733,85344,0,138,2,882,0,0,0,0,48,120,0
10.0.0.14,26734,2.197.49.62,13559,17,1,190,0,0,190,190,190,0,-1,-1,-1,0,0,0,0,0,0,0,0,0,0,0,0,0,0,0,0,0,0,1,190,0,0,0,0,0,0,28,0,0
10.0.0.14,1039,239.255.255.250,1900,17,3,483,0,0,161,161,161,0,-1,-1,-1,0,0,0,0,0,0,0,0,0,6000430,0,0,0,0,2996145,3000215,3004285,5755,1,161,0,0,0,0,0,0,68,0,0
10.0.0.14,26734,99.42.129.27,25425,17,2,311,6,2484,95,155,216,85,122,414,535,152,194932,194932,194932,0,0,42572,203240,89911,407038,407038,407038,407038,0,0,0,0,0,2,311,6,2484,0,0,0,0,48,120,0
10.0.0.14,26734,114.36.130.157,26167,17,1,172,0,0,172,172,172,0,-1,-1,-1,0,0,0,0,0,0,0,0,0,0,0,0,0,0,0,0,0,0,1,172,0,0,0,0,0,0,28,0,0
10.0.0.14,26734,209.232.116.100,29451,17,1,210,0,0,210,210,210,0,-1,-1,-1,0,0,0,0,0,0,0,0,0,0,0,0,0,0,0,0,0,0,1,210,0,0,0,0,0,0,28,0,0
10.0.0.14,1035,239.255.255.250,1900,17,1,161,0,0,161,161,161,0,-1,-1,-1,0,0,0,0,0,0,0,0,0,0,0,0,0,0,0,0,0,0,1,161,0,0,0,0,0,0,28,0,0
0.0.0.0,68,255.255.255.255,67,17,4,1360,0,0,328,340,359,13,-1,-1,-1,0,25214,187487,286542,141670,0,0,0,0,562462,562462,562462,562462,0,0,0,0,0,4,1360,0,0,0,0,0,0,88,0,0
10.0.0.14,26734,94.70.111.73,26496,17,2,387,6,2480,122,193,265,101,163,413,526,132,133464,133464,133464,0,43,45027,115471,49630,357873,357873,357873,357873,0,0,0,0,0,2,387,6,2480,0,0,0,0,48,120,0
10.0.0.14,26734,186.30.120.226,19653,17,1,145,0,0,145,145,145,0,-1,-1,-1,0,0,0,0,0,0,0,0,0,0,0,0,0,0,0,0,0,0,1,145,0,0,0,0,0,0,28,0,0
10.0.0.14,26734,118.171.161.131,19185,17,1,261,0,0,261,261,261,0,-1,-1,-1,0,0,0,0,0,0,0,0,0,0,0,0,0,0,0,0,0,0,1,261,0,0,0,0,0,0,28,0,0
10.0.0.14,26734,71.90.94.205,10859,17,2,459,6,2642,214,229,245,21,160,440,525,143,217180,217180,217180,0,21,45787,189585,82159,445416,445416,445416,445416,0,0,0,0,0,2,459,6,2642,0,0,0,0,48,120,0
10.0.0.14,1045,10.0.0.1,53,17,2,119,2,709,59,59,60,0,322,354,387,45,358392,358392,358392,0,333112,333112,333112,0,449447,449447,449447,449447,0,0,0,0,0,2,119,2,709,0,0,0,0,48,40,0
10.0.0.14,137,10.0.0.255,137,17,16,1536,0,0,96,96,96,0,-1,-1,-1,0,215,550792,751851,343611,0,0,0,0,8261884,8261884,8261884,8261884,0,0,0,0,0,16,1536,0,0,0,0,0,0,328,0,0
10.0.0.14,26734,75.4.139.183,23035,17,2,348,6,2538,127,174,221,66,254,423,535,99,234016,234016,234016,0,20,50497,239223,105654,485933,485933,485933,485933,0,0,0,0,0,2,348,6,2538,0,0,0,0,48,120,0
10.0.0.14,26734,119.237.62.169,28643,17,1,146,0,0,146,146,146,0,-1,-1,-1,0,0,0,0,0,0,0,0,0,0,0,0,0,0,0,0,0,0,1,146,0,0,0,0,0,0,28,0,0
10.0.0.14,26734,78.97.206.97,16540,17,2,272,6,2475,105,136,167,43,245,412,530,96,118677,118677,118677,0,41,24791,95106,40286,242023,242023,242023,242023,0,0,0,0,0,2,272,6,2475,0,0,0,0,48,120,0
10.0.5.10,1044,209.85.148.104,80,6,5,373,5,854,40,74,205,72,40,170,686,288,288,166051,380572,195185,23,174156,380813,202807,978841,978841,978841,978841,0,0,0,0,0,5,373,5,854,1,1,0,0,208,208,0
10.0.5.10,1045,173.194.35.24,80,6,5,372,5,4210,40,74,204,72,40,842,1374,728,297,230079,748011,354088,117,187087,437565,222032,920319,920319,920319,920319,0,0,0,0,0,5,372,5,4210,1,0,0,0,208,208,0
10.0.5.10,1047,209.85.148.104,80,6,5,373,5,854,40,74,205,72,40,170,686,288,299,264945,540601,305709,56,251338,464423,227561,1523733,1523733,1523733,1523733,0,0,0,0,0,5,373,5,854,1,1,0,0,208,208,0
10.0.5.10,1048,173.194.35.24,80,6,6,412,5,4210,40,68,204,66,40,842,1374,728,318,129204,382794,165228,983,65573,197782,91164,646021,646021,646021,646021,0,0,0,0,0,6,412,5,4210,1,0,0,0,248,208,0
10.0.5.10,16366,94.203.147.11,20599,17,2,504,2,649,230,252,274,31,125,324,524,282,505955,505955,505955,0,0,0,0,0,1658206,0,252977,505955,357764,1152251,1152251,1152251,0,1,252,1,324,0,0,0,0,48,40,0
10.0.5.1,67,10.0.5.10,68,17,2,660,0,0,328,330,332,2,-1,-1,-1,0,199893,199893,199893,0,0,0,0,0,199893,199893,199893,199893,0,0,0,0,0,2,660,0,0,0,0,0,0,48,0,0
10.0.5.10,16366,95.43.219.122,16787,17,1,213,0,0,213,213,213,0,-1,-1,-1,0,0,0,0,0,0,0,0,0,0,0,0,0,0,0,0,0,0,1,213,0,0,0,0,0,0,28,0,0
10.0.5.10,16366,108.94.130.215,24606,17,437,76205,439,627165,78,174,277,57,222,1428,1452,126,220466,382872,973873,129418,25,379314,918181,129014,181001050,276150,20633397,41077355,16018420,1080176,2276267,5007540,1867022,54,9525,54,78395,0,0,0,0,8748,8780,0
10.0.5.10,16366,128.104.150.243,22309,17,1,143,0,0,143,143,143,0,-1,-1,-1,0,0,0,0,0,0,0,0,0,0,0,0,0,0,0,0,0,0,1,143,0,0,0,0,0,0,28,0,0
10.0.5.10,16366,188.26.144.217,27803,17,1,272,0,0,272,272,272,0,-1,-1,-1,0,0,0,0,0,0,0,0,0,0,0,0,0,0,0,0,0,0,1,272,0,0,0,0,0,0,28,0,0
10.0.5.10,16366,96.31.191.211,26638,17,1,275,0,0,275,275,275,0,-1,-1,-1,0,0,0,0,0,0,0,0,0,0,0,0,0,0,0,0,0,0,1,275,0,0,0,0,0,0,28,0,0
10.0.5.10,1037,239.255.255.250,1900,17,3,483,0,0,161,161,161,0,-1,-1,-1,0,0,0,0,0,0,0,0,0,6238276,0,0,0,0,3003820,3119138,3234456,163084,1,161,0,0,0,0,0,0,68,0,0
10.0.5.10,16366,70.9.146.41,13724,17,1,119,0,0,119,119,119,0,-1,-1,-1,0,0,0,0,0,0,0,0,0,0,0,0,0,0,0,0,0,0,1,119,0,0,0,0,0,0,28,0,0
10.0.5.10,16366,94.70.111.73,26496,17,1,234,0,0,234,234,234,0,-1,-1,-1,0,0,0,0,0,0,0,0,0,0,0,0,0,0,0,0,0,0,1,234,0,0,0,0,0,0,28,0,0
10.0.5.10,16366,199.187.127.198,19679,17,94,17602,94,132575,82,187,277,55,156,1410,1452,189,180096,331638,1252332,161939,180476,329218,973978,144829,33366083,2344110,7462512,10519455,3607843,1082563,1172011,1276499,97838,23,4400,23,33143,0,0,0,0,1888,1880,0
10.0.5.10,16366,123.110.29.61,23032,17,1,168,0,0,168,168,168,0,-1,-1,-1,0,0,0,0,0,0,0,0,0,0,0,0,0,0,0,0,0,0,1,168,0,0,0,0,0,0,28,0,0
10.0.5.10,16366,218.174.21.55,14853,17,1,117,0,0,117,117,117,0,-1,-1,-1,0,0,0,0,0,0,0,0,0,0,0,0,0,0,0,0,0,0,1,117,0,0,0,0,0,0,28,0,0
10.0.5.10,16366,87.23.48.1,24990,17,1,140,0,0,140,140,140,0,-1,-1,-1,0,0,0,0,0,0,0,0,0,0,0,0,0,0,0,0,0,0,1,140,0,0,0,0,0,0,28,0,0
10.0.5.10,16366,108.222.142.237,27808,17,1,296,0,0,296,296,296,0,-1,-1,-1,0,0,0,0,0,0,0,0,0,0,0,0,0,0,0,0,0,0,1,296,0,0,0,0,0,0,28,0,0
10.0.5.10,16366,66.58.179.19,25609,17,1,123,0,0,123,123,123,0,-1,-1,-1,0,0,0,0,0,0,0,0,0,0,0,0,0,0,0,0,0,0,1,123,0,0,0,0,0,0,28,0,0
10.0.5.10,16366,211.73.186.159,23525,17,2,299,4,1708,122,149,177,38,216,427,529,145,617218,617218,617218,0,44,376305,896724,465397,1745425,1745425,1745425,1745425,0,0,0,0,0,2,299,4,1708,0,0,0,0,48,80,0
10.0.5.10,16366,186.90.30.216,21272,17,2,486,5,2116,205,243,281,53,267,423,527,101,542319,542319,542319,0,46,98470,297616,138967,935471,935471,935471,935471,0,0,0,0,0,2,486,5,2116,0,0,0,0,48,100,0
10.0.5.10,16366,98.100.139.126,18514,17,2,250,2,656,110,125,140,21,125,328,531,287,711999,711999,711999,0,535823,535823,535823,0,1247123,1247123,1247123,1247123,0,0,0,0,0,2,250,2,656,0,0,0,0,48,40,0
10.0.5.10,16366,201.38.219.132,15637,17,1,209,0,0,209,209,209,0,-1,-1,-1,0,0,0,0,0,0,0,0,0,0,0,0,0,0,0,0,0,0,1,209,0,0,0,0,0,0,28,0,0
10.0.5.10,16366,190.193.228.171,27758,17,1,157,0,0,157,157,157,0,-1,-1,-1,0,0,0,0,0,0,0,0,0,0,0,0,0,0,0,0,0,0,1,157,0,0,0,0,0,0,28,0,0
10.0.5.10,16366,72.9.83.39,21348,17,1,142,0,0,142,142,142,0,-1,-1,-1,0,0,0,0,0,0,0,0,0,0,0,0,0,0,0,0,0,0,1,142,0,0,0,0,0,0,28,0,0
10.0.5.10,1043,10.0.5.1,53,17,2,119,2,287,59,59,60,0,111,143,176,45,754202,754202,754202,0,1159955,1159955,1159955,0,1247175,1247175,1247175,1247175,0,0,0,0,0,2,119,2,287,0,0,0,0,48,40,0
10.0.5.10,16366,68.55.43.149,29697,17,2,458,6,2482,192,229,266,52,203,413,536,114,406101,406101,406101,0,22,196539,792581,336771,1387996,1387996,1387996,1387996,0,0,0,0,0,2,458,6,2482,0,0,0,0,48,120,0
10.0.5.10,1033,239.255.255.250,1900,17,1,161,0,0,161,161,161,0,-1,-1,-1,0,0,0,0,0,0,0,0,0,0,0,0,0,0,0,0,0,0,1,161,0,0,0,0,0,0,28,0,0
10.0.5.10,16366,209.30.168.118,27035,17,1,295,0,0,295,295,295,0,-1,-1,-1,0,0,0,0,0,0,0,0,0,0,0,0,0,0,0,0,0,0,1,295,0,0,0,0,0,0,28,0,0
10.0.5.10,16366,68.173.14.233,29211,17,2,359,6,2720,159,179,200,28,269,453,533,99,593659,593659,593659,0,17,119310,596446,266726,1189374,1189374,1189374,1189374,0,0,0,0,0,2,359,6,2720,0,0,0,0,48,120,0
0.0.0.0,68,255.255.255.255,67,17,2,671,0,0,328,335,343,10,-1,-1,-1,0,83333,83333,83333,0,0,0,0,0,83333,83333,83333,83333,0,0,0,0,0,2,671,0,0,0,0,0,0,48,0,0
10.0.5.10,16366,186.214.232.76,20315,17,1,212,0,0,212,212,212,0,-1,-1,-1,0,0,0,0,0,0,0,0,0,0,0,0,0,0,0,0,0,0,1,212,0,0,0,0,0,0,28,0,0
10.0.3.20,1042,151.9.135.8,80,6,5,522,5,656,40,104,354,139,40,131,488,199,229,39314,102926,49272,70,40735,59835,28208,216348,216348,216348,216348,0,0,0,0,0,5,522,5,656,1,1,0,0,208,208,0
10.0.3.20,1043,151.9.135.8,80,6,5,398,6,4043,40,79,230,84,40,673,1374,695,253,50602,116208,58257,30,34785,94748,40299,256823,256823,256823,256823,0,0,0,0,0,5,398,6,4043,1,1,0,0,208,248,0
10.0.3.4,1033,239.255.255.250,1900,17,1,161,0,0,161,161,161,0,-1,-1,-1,0,0,0,0,0,0,0,0,0,0,0,0,0,0,0,0,0,0,1,161,0,0,0,0,0,0,28,0,0
10.0.3.20,1041,10.0.3.1,53,17,1,59,1,122,59,59,59,0,122,122,122,0,0,0,0,0,0,0,0,0,194895,194895,194895,194895,0,0,0,0,0,1,59,1,122,0,0,0,0,28,20,0
10.0.3.1,67,10.0.3.20,68,17,2,660,0,0,328,330,332,2,-1,-1,-1,0,43916,43916,43916,0,0,0,0,0,43916,43916,43916,43916,0,0,0,0,0,2,660,0,0,0,0,0,0,48,0,0
10.0.3.7,1033,239.255.255.250,1900,17,2,322,0,0,161,161,161,0,-1,-1,-1,0,0,0,0,0,0,0,0,0,50353133,0,0,0,0,50353133,50353133,50353133,0,1,161,0,0,0,0,0,0,48,0,0
10.0.3.4,1037,239.255.255.250,1900,17,3,483,0,0,161,161,161,0,-1,-1,-1,0,0,0,0,0,0,0,0,0,5916456,0,0,0,0,2939681,2958228,2976775,26229,1,161,0,0,0,0,0,0,68,0,0
10.0.3.20,1039,239.255.255.250,1900,17,3,483,0,0,161,161,161,0,-1,-1,-1,0,0,0,0,0,0,0,0,0,6005914,0,0,0,0,3001740,3002957,3004174,1721,1,161,0,0,0,0,0,0,68,0,0
10.0.3.20,1035,239.255.255.250,1900,17,1,161,0,0,161,161,161,0,-1,-1,-1,0,0,0,0,0,0,0,0,0,0,0,0,0,0,0,0,0,0,1,161,0,0,0,0,0,0,28,0,0
10.0.3.7,1037,239.255.255.250,1900,17,6,966,0,0,161,161,161,0,-1,-1,-1,0,0,0,0,0,0,0,0,0,56392967,0,0,0,0,3004324,11278593,44342445,18483259,1,161,0,0,0,0,0,0,128,0,0
0.0.0.0,68,255.255.255.255,67,17,8,2676,0,0,328,334,347,7,-1,-1,-1,0,7480,8814,11541,1852,0,0,0,0,243159494,7480,8814,11541,1852,19787804,81041412,172982022,81076421,2,669,0,0,0,0,0,0,168,0,0
10.0.1.15,1030,209.141.60.202,80,6,8,645,10,7397,40,80,357,111,40,739,1374,671,227,163330,829328,302590,255,127341,669723,217074,1303036,1303036,1303036,1303036,0,0,0,0,0,8,645,10,7397,1,2,0,0,328,408,0
10.0.1.15,1031,220.195.24.9,80,6,5,1699,2,88,40,339,537,270,40,44,48,5,310,226004,451698,319179,0,0,0,0,10039376,601823,351277,601823,313301,2976580,4492772,6008965,2144219,1,566,0,29,3,0,0,0,208,88,0
10.0.1.15,1032,220.195.24.9,80,6,5,705,4,448,40,141,537,221,40,112,320,138,336,152099,454742,262096,1938,228554,455171,320484,17726577,2110,455868,909626,641710,16814841,16814841,16814841,0,2,352,2,224,1,1,0,0,208,168,0
10.0.1.4,1037,239.255.255.250,1900,17,3,483,0,0,161,161,161,0,-1,-1,-1,0,0,0,0,0,0,0,0,0,5956724,0,0,0,0,2967482,2978362,2989242,15386,1,161,0,0,0,0,0,0,68,0,0
10.0.1.15,1029,10.0.1.1,53,17,2,126,2,394,63,63,63,0,197,197,197,0,0,0,0,0,0,0,0,0,30341693,498830,648343,797857,211444,29045006,29045006,29045006,0,1,63,1,197,0,0,0,0,48,40,0
10.0.1.4,1033,239.255.255.250,1900,17,1,161,0,0,161,161,161,0,-1,-1,-1,0,0,0,0,0,0,0,0,0,0,0,0,0,0,0,0,0,0,1,161,0,0,0,0,0,0,28,0,0
0.0.0.0,68,255.255.255.255,67,17,2,693,0,0,334,346,359,17,-1,-1,-1,0,3947,3947,3947,0,0,0,0,0,3947,3947,3947,3947,0,0,0,0,0,2,693,0,0,0,0,0,0,48,0,0
10.0.3.7,1044,209.85.147.103,80,6,5,373,5,1209,40,74,205,72,40,241,1041,446,278,30426,102598,48798,63,40977,61065,28572,181599,181599,181599,181599,0,0,0,0,0,5,373,5,1209,1,1,0,0,208,208,0
10.0.3.7,1045,209.85.147.94,80,6,7,452,11,9652,40,64,204,61,40,877,1374,632,123,22201,74193,33225,36,7896,61378,19233,133209,133209,133209,133209,0,0,0,0,0,7,452,11,9652,1,3,0,0,288,448,0
10.0.3.7,1042,85.64.200.208,10105,6,5,716,4,644,40,143,548,226,40,161,350,147,400,150081,299763,211681,42317,244282,446247,285621,126504716,0,244585,691250,387406,5347661,62885480,120423299,81370763,1,238,1,214,1,2,0,0,208,168,0
10.0.3.7,1046,85.64.200.208,10105,6,6,768,4,644,40,128,548,205,40,161,516,236,277,202401,885102,385274,3218,296191,575891,286567,1012009,1012009,1012009,1012009,0,0,0,0,0,6,768,4,644,1,1,0,0,260,168,0
10.0.3.7,1047,209.85.147.103,80,6,5,373,5,1209,40,74,205,72,40,241,1041,446,297,28838,95837,45516,59,37612,54230,25685,169077,169077,169077,169077,0,0,0,0,0,5,373,5,1209,1,1,0,0,208,208,0
10.0.3.7,1048,209.85.147.94,80,6,6,412,7,5390,40,68,204,66,40,770,1374,661,232,25373,69309,34435,45,11654,57469,22951,126866,126866,126866,126866,0,0,0,0,0,6,412,7,5390,1,2,0,0,248,288,0
10.0.3.7,1033,239.255.255.250,1900,17,1,161,0,0,161,161,161,0,-1,-1,-1,0,0,0,0,0,0,0,0,0,0,0,0,0,0,0,0,0,0,1,161,0,0,0,0,0,0,28,0,0
10.0.3.7,18992,86.123.195.34,27367,17,1,297,0,0,297,297,297,0,-1,-1,-1,0,0,0,0,0,0,0,0,0,0,0,0,0,0,0,0,0,0,1,297,0,0,0,0,0,0,28,0,0
10.0.3.7,18992,201.74.206.121,12370,17,2,259,6,2582,126,129,133,4,151,430,530,142,235988,235988,235988,0,12,50714,235897,103800,488921,488921,488921,488921,0,0,0,0,0,2,259,6,2582,0,0,0,0,48,120,0
10.0.3.7,18992,210.15.195.98,17221,17,1,202,0,0,202,202,202,0,-1,-1,-1,0,0,0,0,0,0,0,0,0,0,0,0,0,0,0,0,0,0,1,202,0,0,0,0,0,0,28,0,0
10.0.3.1,67,10.0.3.7,68,17,2,657,0,0,328,328,329,0,-1,-1,-1,0,59848,59848,59848,0,0,0,0,0,59848,59848,59848,59848,0,0,0,0,0,2,657,0,0,0,0,0,0,48,0,0
10.0.3.7,18992,114.148.255.187,25178,17,1,160,0,0,160,160,160,0,-1,-1,-1,0,0,0,0,0,0,0,0,0,0,0,0,0,0,0,0,0,0,1,160,0,0,0,0,0,0,28,0,0
10.0.3.7,18992,24.176.16.81,24144,17,1,277,0,0,277,277,277,0,-1,-1,-1,0,0,0,0,0,0,0,0,0,0,0,0,0,0,0,0,0,0,1,277,0,0,0,0,0,0,28,0,0
10.0.3.7,18992,89.45.103.26,14406,17,1,267,0,0,267,267,267,0,-1,-1,-1,0,0,0,0,0,0,0,0,0,0,0,0,0,0,0,0,0,0,1,267,0,0,0,0,0,0,28,0,0
10.0.3.7,18992,65.189.51.255,19297,17,272,48994,276,392152,78,180,277,56,98,1420,1452,156,114712,128924,927674,79773,20,127036,923465,80359,35055036,35055036,35055036,35055036,0,0,0,0,0,272,48994,276,392152,0,0,0,0,5448,5520,0
10.0.3.7,18992,76.178.80.190,20276,17,1,118,0,0,118,118,118,0,-1,-1,-1,0,0,0,0,0,0,0,0,0,0,0,0,0,0,0,0,0,0,1,118,0,0,0,0,0,0,28,0,0
10.0.3.7,18992,201.17.97.206,19672,17,1,140,0,0,140,140,140,0,-1,-1,-1,0,0,0,0,0,0,0,0,0,0,0,0,0,0,0,0,0,0,1,140,0,0,0,0,0,0,28,0,0
10.0.3.7,18992,178.19.25.92,25939,17,1,206,0,0,206,206,206,0,-1,-1,-1,0,0,0,0,0,0,0,0,0,0,0,0,0,0,0,0,0,0,1,206,0,0,0,0,0,0,28,0,0
10.0.3.7,18992,119.10.141.167,17435,17,1,297,0,0,297,297,297,0,-1,-1,-1,0,0,0,0,0,0,0,0,0,0,0,0,0,0,0,0,0,0,1,297,0,0,0,0,0,0,28,0,0
10.0.3.7,18992,68.173.14.233,29211,17,2,533,6,2690,249,266,284,24,237,448,526,113,126542,126542,126542,0,42,27194,124675,54563,261843,261843,261843,261843,0,0,0,0,0,2,533,6,2690,0,0,0,0,48,120,0
10.0.3.7,18992,178.54.12.177,18367,17,1,278,0,0,278,278,278,0,-1,-1,-1,0,0,0,0,0,0,0,0,0,0,0,0,0,0,0,0,0,0,1,278,0,0,0,0,0,0,28,0,0
10.0.3.7,18992,79.4.241.217,29455,17,1,141,0,0,141,141,141,0,-1,-1,-1,0,0,0,0,0,0,0,0,0,0,0,0,0,0,0,0,0,0,1,141,0,0,0,0,0,0,28,0,0
10.0.3.7,18992,94.62.27.189,28510,17,1,156,0,0,156,156,156,0,-1,-1,-1,0,0,0,0,0,0,0,0,0,0,0,0,0,0,0,0,0,0,1,156,0,0,0,0,0,0,28,0,0
10.0.3.7,1043,10.0.3.1,53,17,2,119,2,287,59,59,60,0,111,143,176,45,129216,129216,129216,0,170473,170473,170473,0,175973,175973,175973,175973,0,0,0,0,0,2,119,2,287,0,0,0,0,48,40,0
10.0.3.7,18992,99.90.38.37,17195,17,2,532,6,2608,263,266,269,4,183,434,531,131,137591,137591,137591,0,49,27653,133358,59108,275214,275214,275214,275214,0,0,0,0,0,2,532,6,2608,0,0,0,0,48,120,0
10.0.3.7,1037,239.255.255.250,1900,17,3,483,0,0,161,161,161,0,-1,-1,-1,0,0,0,0,0,0,0,0,0,6021222,0,0,0,0,3007563,3010611,3013659,4310,1,161,0,0,0,0,0,0,68,0,0
10.0.3.7,18992,111.253.191.237,19733,17,1,210,0,0,210,210,210,0,-1,-1,-1,0,0,0,0,0,0,0,0,0,0,0,0,0,0,0,0,0,0,1,210,0,0,0,0,0,0,28,0,0
10.0.3.7,18992,98.100.139.126,18514,17,2,496,6,2478,227,248,269,29,190,413,528,115,135565,135565,135565,0,35,27669,133212,59026,273154,273154,273154,273154,0,0,0,0,0,2,496,6,2478,0,0,0,0,48,120,0
10.0.3.7,18992,184.226.209.60,13724,17,1,101,0,0,101,101,101,0,-1,-1,-1,0,0,0,0,0,0,0,0,0,0,0,0,0,0,0,0,0,0,1,101,0,0,0,0,0,0,28,0,0
10.0.3.7,18992,128.104.150.243,22309,17,1,227,0,0,227,227,227,0,-1,-1,-1,0,0,0,0,0,0,0,0,0,0,0,0,0,0,0,0,0,0,1,227,0,0,0,0,0,0,28,0,0
0.0.0.0,68,255.255.255.255,67,17,2,665,0,0,328,332,337,6,-1,-1,-1,0,5362,5362,5362,0,0,0,0,0,5362,5362,5362,5362,0,0,0,0,0,2,665,0,0,0,0,0,0,48,0,0
10.0.3.7,18992,74.140.168.196,16814,17,367,64551,371,529178,78,175,277,58,135,1426,1452,135,121016,138903,724447,51679,39,137394,740685,53421,50959616,50959616,50959616,50959616,0,0,0,0,0,367,64551,371,529178,0,0,0,0,7348,7420,0
10.0.3.7,18992,70.184.221.22,25229,17,1,196,0,0,196,196,196,0,-1,-1,-1,0,0,0,0,0,0,0,0,0,0,0,0,0,0,0,0,0,0,1,196,0,0,0,0,0,0,28,0,0
10.0.0.11,1031,192.168.1.4,80,6,5,407,2,396,40,81,239,88,48,198,348,212,240,88819,198072,100523,34337,34337,34337,0,60279975,0,133229,266459,188414,60013516,60013516,60013516,0,2,203,1,198,1,1,0,0,208,88,0
10.0.0.11,1034,173.194.70.106,80,6,5,373,5,854,40,74,205,72,40,170,686,288,264,85492,292280,139696,41132,105514,142816,45173,470326,470326,470326,470326,0,0,0,0,0,5,373,5,854,1,1,0,0,208,208,0
10.0.0.11,1035,173.194.70.94,80,6,6,412,6,5092,40,68,204,66,40,848,1374,651,282,62129,221232,92647,48,48526,178943,73480,310645,310645,310645,310645,0,0,0,0,0,6,412,6,5092,1,1,0,0,248,248,0
10.0.0.11,15138,68.173.14.233,29211,17,1,236,0,0,236,236,236,0,-1,-1,-1,0,0,0,0,0,0,0,0,0,0,0,0,0,0,0,0,0,0,1,236,0,0,0,0,0,0,28,0,0
10.0.0.11,15138,187.74.77.157,11905,17,1,217,0,0,217,217,217,0,-1,-1,-1,0,0,0,0,0,0,0,0,0,0,0,0,0,0,0,0,0,0,1,217,0,0,0,0,0,0,28,0,0
10.0.0.11,15138,175.180.80.78,13244,17,1,237,0,0,237,237,237,0,-1,-1,-1,0,0,0,0,0,0,0,0,0,0,0,0,0,0,0,0,0,0,1,237,0,0,0,0,0,0,28,0,0
10.0.0.11,15138,31.46.160.96,15326,17,1,139,0,0,139,139,139,0,-1,-1,-1,0,0,0,0,0,0,0,0,0,0,0,0,0,0,0,0,0,0,1,139,0,0,0,0,0,0,28,0,0
10.0.0.11,15138,68.172.226.155,18103,17,1,279,0,0,279,279,279,0,-1,-1,-1,0,0,0,0,0,0,0,0,0,0,0,0,0,0,0,0,0,0,1,279,0,0,0,0,0,0,28,0,0
10.0.0.11,15138,58.175.168.78,17076,17,1,104,0,0,104,104,104,0,-1,-1,-1,0,0,0,0,0,0,0,0,0,0,0,0,0,0,0,0,0,0,1,104,0,0,0,0,0,0,28,0,0
10.0.0.11,15138,94.203.147.11,20599,17,2,474,2,670,203,237,271,48,134,335,536,284,220018,220018,220018,0,259804,259804,259804,0,479052,479052,479052,479052,0,0,0,0,0,2,474,2,670,0,0,0,0,48,40,0
10.0.0.11,15138,79.28.160.172,17139,17,1,115,0,0,115,115,115,0,-1,-1,-1,0,0,0,0,0,0,0,0,0,0,0,0,0,0,0,0,0,0,1,115,0,0,0,0,0,0,28,0,0
10.0.0.11,15138,174.141.90.134,11080,17,1,207,0,0,207,207,207,0,-1,-1,-1,0,0,0,0,0,0,0,0,0,0,0,0,0,0,0,0,0,0,1,207,0,0,0,0,0,0,28,0,0
10.0.0.11,15138,74.197.153.235,22154,17,437,75939,440,628683,78,173,277,58,277,1428,1452,122,188570,226739,925269,73380,32,224221,925011,77577,113185706,5809181,24591219,66774938,28331881,4817019,4940276,5005318,106798,109,18984,110,157170,0,0,0,0,8748,8800,0
10.0.0.11,15138,67.159.150.183,29281,17,1,110,0,0,110,110,110,0,-1,-1,-1,0,0,0,0,0,0,0,0,0,0,0,0,0,0,0,0,0,0,1,110,0,0,0,0,0,0,28,0,0
10.0.0.11,15138,87.202.172.192,28628,17,1,180,0,0,180,180,180,0,-1,-1,-1,0,0,0,0,0,0,0,0,0,0,0,0,0,0,0,0,0,0,1,180,0,0,0,0,0,0,28,0,0
10.0.0.11,15138,175.180.161.24,27021,17,1,156,0,0,156,156,156,0,-1,-1,-1,0,0,0,0,0,0,0,0,0,0,0,0,0,0,0,0,0,0,1,156,0,0,0,0,0,0,28,0,0
10.0.0.11,15138,199.187.127.198,19679,17,2,357,6,2657,119,178,238,84,260,442,533,107,155713,155713,155713,0,37,37311,150886,64159,341604,341604,341604,341604,0,0,0,0,0,2,357,6,2657,0,0,0,0,48,120,0
10.0.0.11,15138,94.70.111.73,26496,17,1,177,0,0,177,177,177,0,-1,-1,-1,0,0,0,0,0,0,0,0,0,0,0,0,0,0,0,0,0,0,1,177,0,0,0,0,0,0,28,0,0
10.0.0.11,15138,46.162.226.28,12571,17,1,106,0,0,106,106,106,0,-1,-1,-1,0,0,0,0,0,0,0,0,0,0,0,0,0,0,0,0,0,0,1,106,0,0,0,0,0,0,28,0,0
10.0.0.11,15138,74.128.117.22,21573,17,2,337,6,2679,97,168,240,101,214,446,529,119,204871,204871,204871,0,23,44470,205791,90459,426556,426556,426556,426556,0,0,0,0,0,2,337,6,2679,0,0,0,0,48,120,0
10.0.0.11,15138,76.251.230.21,27747,17,1,150,0,0,150,150,150,0,-1,-1,-1,0,0,0,0,0,0,0,0,0,0,0,0,0,0,0,0,0,0,1,150,0,0,0,0,0,0,28,0,0
10.0.0.11,1033,10.0.0.1,53,17,2,119,2,559,59,59,60,0,247,279,312,45,398299,398299,398299,0,471686,471686,471686,0,526189,526189,526189,526189,0,0,0,0,0,2,119,2,559,0,0,0,0,48,40,0
10.0.0.11,15138,72.9.83.39,21348,17,1,221,0,0,221,221,221,0,-1,-1,-1,0,0,0,0,0,0,0,0,0,0,0,0,0,0,0,0,0,0,1,221,0,0,0,0,0,0,28,0,0
10.0.0.11,15138,186.205.41.83,20037,17,1,283,0,0,283,283,283,0,-1,-1,-1,0,0,0,0,0,0,0,0,0,0,0,0,0,0,0,0,0,0,1,283,0,0,0,0,0,0,28,0,0
10.0.1.15,1034,74.125.79.106,80,6,5,373,5,854,40,74,205,72,40,170,686,288,301,25334,91447,44242,51,35245,49275,23686,149500,149500,149500,149500,0,0,0,0,0,5,373,5,854,1,1,0,0,208,208,0
10.0.1.15,1035,74.125.79.94,80,6,8,492,12,12096,40,61,204,57,40,1008,1374,580,272,16012,63494,26459,49,6030,49302,14962,112088,112088,112088,112088,0,0,0,0,0,8,492,12,12096,1,2,0,0,328,488,0
10.0.1.15,15684,201.3.19.13,16393,17,1,181,0,0,181,181,181,0,-1,-1,-1,0,0,0,0,0,0,0,0,0,0,0,0,0,0,0,0,0,0,1,181,0,0,0,0,0,0,28,0,0
10.0.1.4,1037,239.255.255.250,1900,17,3,483,0,0,161,161,161,0,-1,-1,-1,0,0,0,0,0,0,0,0,0,6054196,0,0,0,0,2970862,3027098,3083334,79529,1,161,0,0,0,0,0,0,68,0,0
10.0.1.15,15684,123.240.232.232,13501,17,1,161,0,0,161,161,161,0,-1,-1,-1,0,0,0,0,0,0,0,0,0,0,0,0,0,0,0,0,0,0,1,161,0,0,0,0,0,0,28,0,0
10.0.1.15,15684,70.180.129.156,13853,17,1,274,0,0,274,274,274,0,-1,-1,-1,0,0,0,0,0,0,0,0,0,0,0,0,0,0,0,0,0,0,1,274,0,0,0,0,0,0,28,0,0
10.0.1.15,15684,24.176.16.81,24144,17,1,169,0,0,169,169,169,0,-1,-1,-1,0,0,0,0,0,0,0,0,0,0,0,0,0,0,0,0,0,0,1,169,0,0,0,0,0,0,28,0,0
10.0.1.15,15684,201.248.224.108,29801,17,2,237,6,2482,82,118,155,51,101,413,525,160,235238,235238,235238,0,24,53196,228255,98484,500577,500577,500577,500577,0,0,0,0,0,2,237,6,2482,0,0,0,0,48,120,0
10.0.1.15,15684,65.189.51.255,19297,17,2,398,6,2514,120,199,278,111,155,419,523,134,123973,123973,123973,0,36,28032,133446,58946,263415,263415,263415,263415,0,0,0,0,0,2,398,6,2514,0,0,0,0,48,120,0
10.0.1.15,15684,88.156.138.169,13598,17,2,390,6,2425,158,195,232,52,167,404,533,126,56954,56954,56954,0,40,14286,50982,21022,127418,127418,127418,127418,0,0,0,0,0,2,390,6,2425,0,0,0,0,48,120,0
10.0.1.15,15684,201.17.97.206,19672,17,1,299,0,0,299,299,299,0,-1,-1,-1,0,0,0,0,0,0,0,0,0,0,0,0,0,0,0,0,0,0,1,299,0,0,0,0,0,0,28,0,0
10.0.1.15,15684,86.123.195.34,27367,17,1,117,0,0,117,117,117,0,-1,-1,-1,0,0,0,0,0,0,0,0,0,0,0,0,0,0,0,0,0,0,1,117,0,0,0,0,0,0,28,0,0
10.0.1.15,15684,98.100.139.126,18514,17,2,357,6,2588,102,178,255,108,172,431,535,134,136388,136388,136388,0,34,59852,297255,132712,434950,434950,434950,434950,0,0,0,0,0,2,357,6,2588,0,0,0,0,48,120,0
10.0.1.15,15684,89.110.234.15,24686,17,1,204,0,0,204,204,204,0,-1,-1,-1,0,0,0,0,0,0,0,0,0,0,0,0,0,0,0,0,0,0,1,204,0,0,0,0,0,0,28,0,0
10.0.1.15,15684,82.85.225.179,18874,17,1,171,0,0,171,171,171,0,-1,-1,-1,0,0,0,0,0,0,0,0,0,0,0,0,0,0,0,0,0,0,1,171,0,0,0,0,0,0,28,0,0
10.0.1.15,15684,70.184.221.22,25229,17,2,360,6,2690,169,180,191,15,194,448,535,128,150213,150213,150213,0,50,31582,151165,66870,307461,307461,307461,307461,0,0,0,0,0,2,360,6,2690,0,0,0,0,48,120,0
10.0.1.15,15684,178.19.25.92,25939,17,1,107,0,0,107,107,107,0,-1,-1,-1,0,0,0,0,0,0,0,0,0,0,0,0,0,0,0,0,0,0,1,107,0,0,0,0,0,0,28,0,0
10.0.1.15,15684,216.145.142.180,24979,17,2,370,6,2482,177,185,193,11,141,413,528,141,187629,187629,187629,0,61,43307,175331,74428,403526,403526,403526,403526,0,0,0,0,0,2,370,6,2482,0,0,0,0,48,120,0
10.0.1.15,15684,111.253.191.237,19733,17,1,111,0,0,111,111,111,0,-1,-1,-1,0,0,0,0,0,0,0,0,0,0,0,0,0,0,0,0,0,0,1,111,0,0,0,0,0,0,28,0,0
10.0.1.15,15684,178.54.12.177,18367,17,2,383,6,2534,150,191,233,58,207,422,532,112,45809,45809,45809,0,27,9934,46576,20503,94773,94773,94773,94773,0,0,0,0,0,2,383,6,2534,0,0,0,0,48,120,0
10.0.1.15,15684,79.4.241.217,29455,17,1,245,0,0,245,245,245,0,-1,-1,-1,0,0,0,0,0,0,0,0,0,0,0,0,0,0,0,0,0,0,1,245,0,0,0,0,0,0,28,0,0
10.0.1.15,15684,89.136.25.209,18723,17,2,319,6,2680,112,159,207,67,163,446,529,140,79173,79173,79173,0,37,11976,56705,25015,138424,138424,138424,138424,0,0,0,0,0,2,319,6,2680,0,0,0,0,48,120,0
10.0.1.15,15684,99.21.12.148,11858,17,2,275,6,2620,134,137,141,4,108,436,526,162,137962,137962,137962,0,32,28277,134457,59366,278673,278673,278673,278673,0,0,0,0,0,2,275,6,2620,0,0,0,0,48,120,0
10.0.1.15,15684,76.213.221.199,18711,17,1,212,0,0,212,212,212,0,-1,-1,-1,0,0,0,0,0,0,0,0,0,0,0,0,0,0,0,0,0,0,1,212,0,0,0,0,0,0,28,0,0
10.0.1.4,1033,239.255.255.250,1900,17,1,161,0,0,161,161,161,0,-1,-1,-1,0,0,0,0,0,0,0,0,0,0,0,0,0,0,0,0,0,0,1,161,0,0,0,0,0,0,28,0,0
10.0.1.15,15684,128.104.150.243,22309,17,1,148,0,0,148,148,148,0,-1,-1,-1,0,0,0,0,0,0,0,0,0,0,0,0,0,0,0,0,0,0,1,148,0,0,0,0,0,0,28,0,0
10.0.1.15,15684,99.90.38.37,17195,17,2,271,6,2594,92,135,179,61,249,432,533,100,138051,138051,138051,0,38,28447,137586,61019,279740,279740,279740,279740,0,0,0,0,0,2,271,6,2594,0,0,0,0,48,120,0
10.0.1.15,15684,184.226.209.60,13724,17,2,430,6,2416,163,215,267,73,123,402,530,147,367598,367598,367598,0,14028,86918,245891,93946,801594,801594,801594,801594,0,0,0,0,0,2,430,6,2416,0,0,0,0,48,120,0
10.0.1.15,15684,94.62.27.189,28510,17,436,76763,439,627002,78,176,279,57,121,1428,1452,127,42351,45450,335260,15946,34,45033,335829,16475,24766815,7247246,9883484,12519722,3728203,4999847,4999847,4999847,0,218,38381,219,313501,0,0,0,0,8728,8780,0
10.0.1.15,15684,210.15.195.98,17221,17,1,122,0,0,122,122,122,0,-1,-1,-1,0,0,0,0,0,0,0,0,0,0,0,0,0,0,0,0,0,0,1,122,0,0,0,0,0,0,28,0,0
10.0.1.15,15684,74.140.168.196,16814,17,2,400,6,2632,145,200,255,77,119,438,534,159,122343,122343,122343,0,18,75526,377546,168834,499317,499317,499317,499317,0,0,0,0,0,2,400,6,2632,0,0,0,0,48,120,0
0.0.0.0,68,255.255.255.255,67,17,2,693,0,0,334,346,359,17,-1,-1,-1,0,4356,4356,4356,0,0,0,0,0,4356,4356,4356,4356,0,0,0,0,0,2,693,0,0,0,0,0,0,48,0,0
10.0.1.15,15684,89.45.103.26,14406,17,1,179,0,0,179,179,179,0,-1,-1,-1,0,0,0,0,0,0,0,0,0,0,0,0,0,0,0,0,0,0,1,179,0,0,0,0,0,0,28,0,0
10.0.1.15,15684,75.35.186.16,22656,17,2,201,6,2752,94,100,107,9,220,458,527,118,131626,131626,131626,0,25,33654,127577,53747,299067,299067,299067,299067,0,0,0,0,0,2,201,6,2752,0,0,0,0,48,120,0
10.0.1.15,15684,86.104.54.43,25987,17,2,382,6,2483,191,191,191,0,237,413,526,97,83821,83821,83821,0,10,9843,46646,20588,132600,132600,132600,132600,0,0,0,0,0,2,382,6,2483,0,0,0,0,48,120,0
10.0.1.15,15684,76.178.80.190,20276,17,272,47978,276,392435,78,176,277,58,254,1421,1452,150,177762,188158,611085,42823,33,184410,610054,45261,51170085,51170085,51170085,51170085,0,0,0,0,0,272,47978,276,392435,0,0,0,0,5448,5520,0
10.0.1.15,15684,114.148.255.187,25178,17,2,331,6,2515,132,165,199,47,155,419,534,146,284010,284010,284010,0,37,57809,286126,127635,572162,572162,572162,572162,0,0,0,0,0,2,331,6,2515,0,0,0,0,48,120,0
10.0.1.15,1033,10.0.1.1,53,17,2,119,2,297,59,59,60,0,111,148,186,53,106451,106451,106451,0,145370,145370,145370,0,148314,148314,148314,148314,0,0,0,0,0,2,119,2,297,0,0,0,0,48,40,0
10.0.1.15,15684,184.44.15.43,15103,17,2,408,6,2635,166,204,242,53,219,439,530,115,181840,181840,181840,0,35,43552,176485,75182,398867,398867,398867,398867,0,0,0,0,0,2,408,6,2635,0,0,0,0,48,120,0
10.0.1.15,15684,68.173.14.233,29211,17,1,232,0,0,232,232,232,0,-1,-1,-1,0,0,0,0,0,0,0,0,0,0,0,0,0,0,0,0,0,0,1,232,0,0,0,0,0,0,28,0,0
10.0.3.7,1033,239.255.255.250,1900,17,1,161,0,0,161,161,161,0,-1,-1,-1,0,0,0,0,0,0,0,0,0,0,0,0,0,0,0,0,0,0,1,161,0,0,0,0,0,0,28,0,0
10.0.3.1,67,10.0.3.7,68,17,2,657,0,0,328,328,329,0,-1,-1,-1,0,55615,55615,55615,0,0,0,0,0,55615,55615,55615,55615,0,0,0,0,0,2,657,0,0,0,0,0,0,48,0,0
10.0.3.7,1060,10.0.3.1,53,17,39,2496,39,2496,64,64,64,0,64,64,64,0,4589,96166,750538,228971,4384,12969,159510,29255,193656349,20434,348624,770456,339736,4984630,21130012,149983435,48320060,3,249,3,249,0,0,0,0,788,780,0
10.0.3.7,1037,239.255.255.250,1900,17,3,483,0,0,161,161,161,0,-1,-1,-1,0,0,0,0,0,0,0,0,0,6015886,0,0,0,0,3004512,3007943,3011374,4852,1,161,0,0,0,0,0,0,68,0,0
0.0.0.0,68,255.255.255.255,67,17,2,665,0,0,328,332,337,6,-1,-1,-1,0,5243,5243,5243,0,0,0,0,0,5243,5243,5243,5243,0,0,0,0,0,2,665,0,0,0,0,0,0,48,0,0
10.0.3.7,1039,10.0.3.1,53,17,22,1407,22,1505,63,63,64,0,64,68,161,20,4878,130564,723869,256323,4851,13618,46211,14904,52857738,4591,360577,783831,381511,4995284,10138854,30521005,11394094,3,234,3,250,0,0,0,0,448,440,0
10.0.1.4,1042,173.194.67.99,80,6,5,379,5,1219,40,75,211,75,40,243,1051,451,276,28704,94635,44239,46,42439,74757,31453,182031,182031,182031,182031,0,0,0,0,0,5,379,5,1219,1,1,0,0,208,208,0
10.0.1.4,1043,173.194.67.94,80,6,17,858,25,27427,40,50,210,41,40,1097,1374,524,187,7973,59775,17517,75,5613,51024,14188,178050,178050,178050,178050,0,0,0,0,0,17,858,25,27427,1,3,0,0,688,1008,0
10.0.1.4,1039,217.12.215.43,80,6,153,6992,239,318259,40,45,583,50,40,1331,1374,228,192,9690,431619,40117,17,4248,152307,15284,122423263,260,374313,1012325,466715,25785030,40308670,64811413,21341310,38,1748,59,79564,2,14,0,0,6128,9568,0
10.0.1.4,1040,217.12.215.43,80,6,350,14661,555,743927,40,41,372,24,40,1340,1374,191,108,6935,419319,28353,42,3603,106192,12585,119542739,94958,600001,1240486,643197,1297424,39047577,59536203,32732386,87,3665,138,185981,2,29,0,0,14008,22208,0
10.0.1.4,1047,217.12.215.43,80,6,240,19990,489,638170,40,83,1374,207,40,1305,1374,286,101,17430,420965,45262,16,8171,361696,25228,119677058,278,724224,1806712,740023,1339915,23066342,55772908,22738993,40,3331,81,106361,9,35,0,0,9608,19568,0
10.0.1.4,1037,239.255.255.250,1900,17,3,483,0,0,161,161,161,0,-1,-1,-1,0,0,0,0,0,0,0,0,0,6025885,0,0,0,0,2975053,3012942,3050832,53583,1,161,0,0,0,0,0,0,68,0,0
10.0.1.4,1048,217.12.215.43,80,6,150,6329,237,317935,40,42,361,26,40,1341,1374,172,227,7193,100470,19359,190,4741,66622,12873,2851637,121812,584807,1047803,654774,1682022,1682022,1682022,0,75,3164,118,158967,1,13,0,0,6008,9488,0
10.0.1.1,67,10.0.1.4,68,17,2,668,0,0,328,334,340,8,-1,-1,-1,0,5589,5589,5589,0,0,0,0,0,5589,5589,5589,5589,0,0,0,0,0,2,668,0,0,0,0,0,0,48,0,0
10.0.1.4,1033,239.255.255.250,1900,17,1,161,0,0,161,161,161,0,-1,-1,-1,0,0,0,0,0,0,0,0,0,0,0,0,0,0,0,0,0,0,1,161,0,0,0,0,0,0,28,0,0
10.0.1.4,1041,10.0.1.1,53,17,2,119,2,287,59,59,60,0,111,143,176,45,209792,209792,209792,0,243024,243024,243024,0,252689,252689,252689,252689,0,0,0,0,0,2,119,2,287,0,0,0,0,48,40,0
0.0.0.0,68,255.255.255.255,67,17,2,693,0,0,334,346,359,17,-1,-1,-1,0,4815,4815,4815,0,0,0,0,0,4815,4815,4815,4815,0,0,0,0,0,2,693,0,0,0,0,0,0,48,0,0
10.0.2.2,1044,173.194.65.99,80,6,5,373,5,854,40,74,205,72,40,170,686,288,274,90736,235373,113257,56,90512,144402,64222,488414,488414,488414,488414,0,0,0,0,0,5,373,5,854,1,1,0,0,208,208,0
10.0.2.2,1045,173.194.65.94,80,6,6,412,5,4210,40,68,204,66,40,842,1374,728,274,76023,233915,101518,19696,63638,182313,79324,380117,380117,380117,380117,0,0,0,0,0,6,412,5,4210,1,0,0,0,248,208,0
10.0.2.2,26762,109.160.9.110,18004,17,2,243,1,526,114,121,129,10,526,526,526,0,152764,152764,152764,0,0,0,0,0,152764,152764,152764,152764,0,0,0,0,0,2,243,1,526,0,0,0,0,48,20,0
10.0.2.2,26762,65.94.199.69,21166,17,48,7726,51,67570,78,160,271,51,140,1324,1452,337,230217,276933,419463,37639,37,255429,420589,80699,13015857,13015857,13015857,13015857,0,0,0,0,0,48,7726,51,67570,0,0,0,0,968,1020,0
10.0.2.2,26762,94.68.141.75,12140,17,1,190,0,0,190,190,190,0,-1,-1,-1,0,0,0,0,0,0,0,0,0,0,0,0,0,0,0,0,0,0,1,190,0,0,0,0,0,0,28,0,0
10.0.2.1,67,10.0.2.2,68,17,2,658,0,0,328,329,330,1,-1,-1,-1,0,146877,146877,146877,0,0,0,0,0,146877,146877,146877,146877,0,0,0,0,0,2,658,0,0,0,0,0,0,48,0,0
10.0.2.2,26762,70.124.202.95,29790,17,1,274,0,0,274,274,274,0,-1,-1,-1,0,0,0,0,0,0,0,0,0,0,0,0,0,0,0,0,0,0,1,274,0,0,0,0,0,0,28,0,0
10.0.2.2,26762,37.55.196.19,22129,17,1,212,0,0,212,212,212,0,-1,-1,-1,0,0,0,0,0,0,0,0,0,0,0,0,0,0,0,0,0,0,1,212,0,0,0,0,0,0,28,0,0
10.0.2.2,26762,98.219.122.157,16635,17,2,331,1,527,134,165,197,44,527,527,527,0,236777,236777,236777,0,0,0,0,0,236777,236777,236777,236777,0,0,0,0,0,2,331,1,527,0,0,0,0,48,20,0
10.0.2.2,26762,82.79.251.141,26120,17,2,380,1,525,109,190,271,114,525,525,525,0,136076,136076,136076,0,0,0,0,0,136076,136076,136076,136076,0,0,0,0,0,2,380,1,525,0,0,0,0,48,20,0
10.0.2.2,1037,239.255.255.250,1900,17,3,483,0,0,161,161,161,0,-1,-1,-1,0,0,0,0,0,0,0,0,0,6291719,0,0,0,0,2997300,3145859,3294419,210094,1,161,0,0,0,0,0,0,68,0,0
10.0.2.19,1033,239.255.255.250,1900,17,1,161,0,0,161,161,161,0,-1,-1,-1,0,0,0,0,0,0,0,0,0,0,0,0,0,0,0,0,0,0,1,161,0,0,0,0,0,0,28,0,0
10.0.2.2,26762,78.98.23.93,11802,17,1,267,0,0,267,267,267,0,-1,-1,-1,0,0,0,0,0,0,0,0,0,0,0,0,0,0,0,0,0,0,1,267,0,0,0,0,0,0,28,0,0
10.0.2.2,26762,177.42.39.139,29996,17,1,142,0,0,142,142,142,0,-1,-1,-1,0,0,0,0,0,0,0,0,0,0,0,0,0,0,0,0,0,0,1,142,0,0,0,0,0,0,28,0,0
10.0.2.2,26762,72.23.179.26,27461,17,1,129,0,0,129,129,129,0,-1,-1,-1,0,0,0,0,0,0,0,0,0,0,0,0,0,0,0,0,0,0,1,129,0,0,0,0,0,0,28,0,0
10.0.2.2,1043,10.0.2.1,53,17,2,119,2,559,59,59,60,0,247,279,312,45,443208,443208,443208,0,560126,560126,560126,0,638464,638464,638464,638464,0,0,0,0,0,2,119,2,559,0,0,0,0,48,40,0
10.0.2.2,26762,189.25.188.251,10117,17,2,336,1,523,103,168,233,91,523,523,523,0,352852,352852,352852,0,0,0,0,0,352852,352852,352852,352852,0,0,0,0,0,2,336,1,523,0,0,0,0,48,20,0
10.0.2.2,1033,239.255.255.250,1900,17,1,161,0,0,161,161,161,0,-1,-1,-1,0,0,0,0,0,0,0,0,0,0,0,0,0,0,0,0,0,0,1,161,0,0,0,0,0,0,28,0,0
10.0.2.2,26762,87.19.117.24,15213,17,1,172,0,0,172,172,172,0,-1,-1,-1,0,0,0,0,0,0,0,0,0,0,0,0,0,0,0,0,0,0,1,172,0,0,0,0,0,0,28,0,0
10.0.2.2,26762,79.115.3.233,22574,17,1,197,0,0,197,197,197,0,-1,-1,-1,0,0,0,0,0,0,0,0,0,0,0,0,0,0,0,0,0,0,1,197,0,0,0,0,0,0,28,0,0
0.0.0.0,68,255.255.255.255,67,17,4,1340,0,0,328,335,345,8,-1,-1,-1,0,46682,48705,50729,2861,0,0,0,0,128873945,46682,48705,50729,2861,128776534,128776534,128776534,0,2,670,0,0,0,0,0,0,88,0,0
10.0.2.2,26762,69.146.71.50,20995,17,1,179,0,0,179,179,179,0,-1,-1,-1,0,0,0,0,0,0,0,0,0,0,0,0,0,0,0,0,0,0,1,179,0,0,0,0,0,0,28,0,0
10.0.2.2,26762,205.206.27.131,12034,17,1,191,0,0,191,191,191,0,-1,-1,-1,0,0,0,0,0,0,0,0,0,0,0,0,0,0,0,0,0,0,1,191,0,0,0,0,0,0,28,0,0
10.0.2.2,26762,79.51.89.67,10630,17,1,271,0,0,271,271,271,0,-1,-1,-1,0,0,0,0,0,0,0,0,0,0,0,0,0,0,0,0,0,0,1,271,0,0,0,0,0,0,28,0,0
10.0.2.19,1037,239.255.255.250,1900,17,3,483,0,0,161,161,161,0,-1,-1,-1,0,0,0,0,0,0,0,0,0,6050672,0,0,0,0,3003446,3025336,3047226,30957,1,161,0,0,0,0,0,0,68,0,0
10.0.1.4,1042,187.115.174.110,26623,6,3,649,2,88,40,216,561,298,40,44,48,5,300,93956,187613,132450,192030,192030,192030,0,379406,379406,379406,379406,0,0,0,0,0,3,649,2,88,1,0,0,0,128,88,0
10.0.1.4,1044,74.125.79.105,80,6,5,373,5,854,40,74,205,72,40,170,686,288,424,15627,52031,24554,23,25378,49578,27606,110004,110004,110004,110004,0,0,0,0,0,5,373,5,854,1,1,0,0,208,208,0
10.0.1.4,1045,74.125.79.94,80,6,9,532,12,12096,40,59,204,54,40,1008,1374,580,230,13546,59504,24441,43,5654,46957,14188,108369,108369,108369,108369,0,0,0,0,0,9,532,12,12096,1,2,0,0,368,488,0
10.0.1.4,1047,74.125.79.105,80,6,5,373,5,854,40,74,205,72,40,170,686,288,295,15893,53968,25708,24,16319,54223,25791,74066,74066,74066,74066,0,0,0,0,0,5,373,5,854,1,1,0,0,208,208,0
10.0.1.4,1048,74.125.79.94,80,6,9,532,12,12096,40,59,204,54,40,1008,1374,580,279,14460,58007,25971,40,5455,46981,14153,115687,115687,115687,115687,0,0,0,0,0,9,532,12,12096,1,2,0,0,368,488,0
10.0.1.4,26173,128.104.150.243,22309,17,1,165,0,0,165,165,165,0,-1,-1,-1,0,0,0,0,0,0,0,0,0,0,0,0,0,0,0,0,0,0,1,165,0,0,0,0,0,0,28,0,0
10.0.1.4,1037,239.255.255.250,1900,17,3,483,0,0,161,161,161,0,-1,-1,-1,0,0,0,0,0,0,0,0,0,5978418,0,0,0,0,2980560,2989209,2997858,12231,1,161,0,0,0,0,0,0,68,0,0
10.0.1.4,26173,97.96.91.253,16138,17,2,254,6,2344,83,127,171,62,102,390,532,149,165853,165853,165853,0,38,38538,189433,84356,357841,357841,357841,357841,0,0,0,0,0,2,254,6,2344,0,0,0,0,48,120,0
10.0.1.4,26173,72.9.83.39,21348,17,1,221,0,0,221,221,221,0,-1,-1,-1,0,0,0,0,0,0,0,0,0,0,0,0,0,0,0,0,0,0,1,221,0,0,0,0,0,0,28,0,0
10.0.1.4,26173,177.64.201.105,14066,17,1,225,0,0,225,225,225,0,-1,-1,-1,0,0,0,0,0,0,0,0,0,0,0,0,0,0,0,0,0,0,1,225,0,0,0,0,0,0,28,0,0
10.0.1.4,26173,188.163.101.91,23517,17,1,114,0,0,114,114,114,0,-1,-1,-1,0,0,0,0,0,0,0,0,0,0,0,0,0,0,0,0,0,0,1,114,0,0,0,0,0,0,28,0,0
10.0.1.4,26173,94.62.27.189,28510,17,1,123,0,0,123,123,123,0,-1,-1,-1,0,0,0,0,0,0,0,0,0,0,0,0,0,0,0,0,0,0,1,123,0,0,0,0,0,0,28,0,0
10.0.1.4,26173,188.26.144.217,27803,17,1,148,0,0,148,148,148,0,-1,-1,-1,0,0,0,0,0,0,0,0,0,0,0,0,0,0,0,0,0,0,1,148,0,0,0,0,0,0,28,0,0
10.0.1.4,26173,94.203.147.11,20599,17,2,396,2,688,142,198,254,79,162,344,526,257,167869,167869,167869,0,163660,163660,163660,0,330807,330807,330807,330807,0,0,0,0,0,2,396,2,688,0,0,0,0,48,40,0
10.0.1.4,26173,74.140.168.196,16814,17,2,398,2,690,108,199,290,128,160,345,530,261,123976,123976,123976,0,122252,122252,122252,0,245607,245607,245607,245607,0,0,0,0,0,2,398,2,690,0,0,0,0,48,40,0
10.0.1.4,26173,186.90.30.216,21272,17,274,49443,272,390537,78,180,277,57,162,1435,1452,96,191867,222618,867005,54976,189519,222749,867405,55208,70542467,2390004,20178778,51175518,26941499,5001061,5003066,5005072,2836,91,16481,90,130179,0,0,0,0,5488,5440,0
10.0.1.4,26173,68.173.14.233,29211,17,2,417,6,2554,191,208,226,24,164,425,532,139,100957,100957,100957,0,25,21848,101849,44769,209577,209577,209577,209577,0,0,0,0,0,2,417,6,2554,0,0,0,0,48,120,0
10.0.1.4,26173,67.221.206.54,11515,17,2,332,2,765,97,166,235,97,239,382,526,202,145366,145366,145366,0,133952,133952,133952,0,278617,278617,278617,278617,0,0,0,0,0,2,332,2,765,0,0,0,0,48,40,0
10.0.1.4,1043,10.0.1.1,53,17,2,119,2,297,59,59,60,0,111,148,186,53,67171,67171,67171,0,105672,105672,105672,0,108540,108540,108540,108540,0,0,0,0,0,2,119,2,297,0,0,0,0,48,40,0
10.0.1.4,26173,78.181.252.7,23407,17,2,390,6,2457,170,195,220,35,183,409,533,124,92759,92759,92759,0,36,24653,86744,36299,215418,215418,215418,215418,0,0,0,0,0,2,390,6,2457,0,0,0,0,48,120,0
10.0.1.4,26173,108.222.142.237,27808,17,1,107,0,0,107,107,107,0,-1,-1,-1,0,0,0,0,0,0,0,0,0,0,0,0,0,0,0,0,0,0,1,107,0,0,0,0,0,0,28,0,0
10.0.1.4,26173,68.55.43.149,29697,17,2,358,2,824,102,179,256,108,292,412,532,169,101576,101576,101576,0,117223,117223,117223,0,218042,218042,218042,218042,0,0,0,0,0,2,358,2,824,0,0,0,0,48,40,0
10.0.1.1,67,10.0.1.4,68,17,2,668,0,0,328,334,340,8,-1,-1,-1,0,5145,5145,5145,0,0,0,0,0,5145,5145,5145,5145,0,0,0,0,0,2,668,0,0,0,0,0,0,48,0,0
10.0.1.4,26173,84.38.30.167,29468,17,1,192,0,0,192,192,192,0,-1,-1,-1,0,0,0,0,0,0,0,0,0,0,0,0,0,0,0,0,0,0,1,192,0,0,0,0,0,0,28,0,0
10.0.1.4,26173,174.141.90.134,11080,17,1,164,0,0,164,164,164,0,-1,-1,-1,0,0,0,0,0,0,0,0,0,0,0,0,0,0,0,0,0,0,1,164,0,0,0,0,0,0,28,0,0
10.0.1.4,26173,94.70.111.73,26496,17,1,138,0,0,138,138,138,0,-1,-1,-1,0,0,0,0,0,0,0,0,0,0,0,0,0,0,0,0,0,0,1,138,0,0,0,0,0,0,28,0,0
10.0.1.4,26173,151.40.0.183,10595,17,1,265,0,0,265,265,265,0,-1,-1,-1,0,0,0,0,0,0,0,0,0,0,0,0,0,0,0,0,0,0,1,265,0,0,0,0,0,0,28,0,0
10.0.1.4,26173,87.23.48.1,24990,17,1,152,0,0,152,152,152,0,-1,-1,-1,0,0,0,0,0,0,0,0,0,0,0,0,0,0,0,0,0,0,1,152,0,0,0,0,0,0,28,0,0
10.0.1.4,26173,24.176.16.81,24144,17,1,180,0,0,180,180,180,0,-1,-1,-1,0,0,0,0,0,0,0,0,0,0,0,0,0,0,0,0,0,0,1,180,0,0,0,0,0,0,28,0,0
10.0.1.4,26173,177.34.163.120,23591,17,1,107,0,0,107,107,107,0,-1,-1,-1,0,0,0,0,0,0,0,0,0,0,0,0,0,0,0,0,0,0,1,107,0,0,0,0,0,0,28,0,0
10.0.1.4,1033,239.255.255.250,1900,17,1,161,0,0,161,161,161,0,-1,-1,-1,0,0,0,0,0,0,0,0,0,0,0,0,0,0,0,0,0,0,1,161,0,0,0,0,0,0,28,0,0
0.0.0.0,68,255.255.255.255,67,17,2,693,0,0,334,346,359,17,-1,-1,-1,0,3828,3828,3828,0,0,0,0,0,3828,3828,3828,3828,0,0,0,0,0,2,693,0,0,0,0,0,0,48,0,0
10.0.1.4,26173,190.193.228.171,27758,17,2,224,2,661,110,112,114,2,131,330,530,282,248966,248966,248966,0,252591,252591,252591,0,500793,500793,500793,500793,0,0,0,0,0,2,224,2,661,0,0,0,0,48,40,0
10.0.1.4,26173,50.75.171.200,10630,17,1,248,0,0,248,248,248,0,-1,-1,-1,0,0,0,0,0,0,0,0,0,0,0,0,0,0,0,0,0,0,1,248,0,0,0,0,0,0,28,0,0
10.0.1.4,26173,98.100.139.126,18514,17,2,334,6,2579,113,167,221,76,228,429,532,106,181068,181068,181068,0,13,48608,173752,76104,423421,423421,423421,423421,0,0,0,0,0,2,334,6,2579,0,0,0,0,48,120,0
10.0.1.4,26173,74.142.128.101,18993,17,1,255,0,0,255,255,255,0,-1,-1,-1,0,0,0,0,0,0,0,0,0,0,0,0,0,0,0,0,0,0,1,255,0,0,0,0,0,0,28,0,0
10.0.1.4,26173,108.94.130.215,24606,17,435,78856,435,625222,78,181,277,57,218,1437,1452,87,134215,145424,483275,32330,132106,145259,483614,32876,63246522,63246522,63246522,63246522,0,0,0,0,0,435,78856,435,625222,0,0,0,0,8708,8700,0
10.0.1.4,26173,99.100.21.97,20246,17,2,328,2,675,124,164,204,56,150,337,525,265,195543,195543,195543,0,191919,191919,191919,0,386773,386773,386773,386773,0,0,0,0,0,2,328,2,675,0,0,0,0,48,40,0
10.0.1.4,26173,199.187.127.198,19679,17,2,445,6,2429,178,222,267,62,196,404,528,113,93793,93793,93793,0,13,19324,94202,41864,189526,189526,189526,189526,0,0,0,0,0,2,445,6,2429,0,0,0,0,48,120,0
10.0.1.4,1044,74.125.79.103,80,6,5,373,5,1209,40,74,205,72,40,241,1041,446,284,25067,88790,42720,46,35017,50999,23717,150083,150083,150083,150083,0,0,0,0,0,5,373,5,1209,1,1,0,0,208,208,0
10.0.1.4,1045,74.125.79.94,80,6,9,532,12,12096,40,59,204,54,40,1008,1374,580,211,9475,62870,21782,32,5961,49622,15003,75800,75800,75800,75800,0,0,0,0,0,9,532,12,12096,1,2,0,0,368,488,0
10.0.1.4,1048,74.125.79.103,80,6,5,373,5,1209,40,74,205,72,40,241,1041,446,293,16401,56052,26745,56,16684,56293,26845,75519,75519,75519,75519,0,0,0,0,0,5,373,5,1209,1,1,0,0,208,208,0
10.0.1.4,1049,74.125.79.94,80,6,7,452,7,6466,40,64,204,61,40,923,1374,627,225,18092,59702,27616,230,10133,47672,18989,108552,108552,108552,108552,0,0,0,0,0,7,452,7,6466,1,1,0,0,288,288,0
10.0.1.4,1051,74.125.79.103,80,6,5,373,5,1209,40,74,205,72,40,241,1041,446,309,22046,77860,37469,38,32460,51606,23527,139283,139283,139283,139283,0,0,0,0,0,5,373,5,1209,1,1,0,0,208,208,0
10.0.1.4,1052,74.125.79.94,80,6,9,532,12,12096,40,59,204,54,40,1008,1374,580,297,14194,61927,25686,36,5820,48191,14641,113556,113556,113556,113556,0,0,0,0,0,9,532,12,12096,1,2,0,0,368,488,0
10.0.1.4,1046,88.216.22.31,27724,6,10,1355,8,940,40,135,557,200,40,117,417,143,269,425174,1308522,520202,188430,404588,990704,332294,61916572,0,637830,1507427,760300,8306194,19788416,29832835,10835106,2,338,2,235,2,4,0,0,408,328,0
10.0.1.4,1054,74.125.79.103,80,6,5,373,5,1209,40,74,205,72,40,241,1041,446,277,24712,89150,43158,31,34576,49953,23511,147199,147199,147199,147199,0,0,0,0,0,5,373,5,1209,1,1,0,0,208,208,0
10.0.1.4,1055,74.125.79.94,80,6,6,412,6,5092,40,68,204,66,40,848,1374,651,215,30337,86536,41680,223,12914,48968,21130,151685,151685,151685,151685,0,0,0,0,0,6,412,6,5092,1,1,0,0,248,248,0
10.0.1.4,1037,239.255.255.250,1900,17,3,483,0,0,161,161,161,0,-1,-1,-1,0,0,0,0,0,0,0,0,0,5975170,0,0,0,0,2983796,2987585,2991374,5358,1,161,0,0,0,0,0,0,68,0,0
10.0.1.4,24483,70.184.221.22,25229,17,1,195,0,0,195,195,195,0,-1,-1,-1,0,0,0,0,0,0,0,0,0,0,0,0,0,0,0,0,0,0,1,195,0,0,0,0,0,0,28,0,0
10.0.1.4,24483,79.4.241.217,29455,17,1,229,0,0,229,229,229,0,-1,-1,-1,0,0,0,0,0,0,0,0,0,0,0,0,0,0,0,0,0,0,1,229,0,0,0,0,0,0,28,0,0
10.0.1.4,24483,86.123.195.34,27367,17,1,105,0,0,105,105,105,0,-1,-1,-1,0,0,0,0,0,0,0,0,0,0,0,0,0,0,0,0,0,0,1,105,0,0,0,0,0,0,28,0,0
10.0.1.4,1056,88.216.22.31,27724,6,6,678,5,438,40,113,470,174,40,87,265,99,275,285682,890459,411912,188578,311133,497151,163783,30965460,263,571496,1142729,807845,29822468,29822468,29822468,0,3,339,2,219,1,2,0,0,248,208,0
10.0.1.4,24483,111.253.191.237,19733,17,1,178,0,0,178,178,178,0,-1,-1,-1,0,0,0,0,0,0,0,0,0,0,0,0,0,0,0,0,0,0,1,178,0,0,0,0,0,0,28,0,0
10.0.1.4,24483,94.62.27.189,28510,17,361,65094,364,518602,78,180,277,58,265,1424,1452,138,93950,204012,608134,64271,1912,201524,659679,65191,78435716,20181438,36742791,53304145,23421290,4950133,4950133,4950133,0,180,32547,182,259301,0,0,0,0,7228,7280,0
10.0.1.4,24483,178.19.25.92,25939,17,1,246,0,0,246,246,246,0,-1,-1,-1,0,0,0,0,0,0,0,0,0,0,0,0,0,0,0,0,0,0,1,246,0,0,0,0,0,0,28,0,0
10.0.1.4,24483,114.148.255.187,25178,17,1,194,0,0,194,194,194,0,-1,-1,-1,0,0,0,0,0,0,0,0,0,0,0,0,0,0,0,0,0,0,1,194,0,0,0,0,0,0,28,0,0
10.0.1.4,24483,210.15.195.98,17221,17,1,233,0,0,233,233,233,0,-1,-1,-1,0,0,0,0,0,0,0,0,0,0,0,0,0,0,0,0,0,0,1,233,0,0,0,0,0,0,28,0,0
10.0.1.4,1043,10.0.1.1,53,17,2,119,2,287,59,59,60,0,111,143,176,45,193363,193363,193363,0,192472,192472,192472,0,283632,283632,283632,283632,0,0,0,0,0,2,119,2,287,0,0,0,0,48,40,0
10.0.1.4,24483,74.140.168.196,16814,17,2,438,6,2714,158,219,280,86,288,452,536,88,125774,125774,125774,0,37,34693,127017,54759,298706,298706,298706,298706,0,0,0,0,0,2,438,6,2714,0,0,0,0,48,120,0
10.0.1.4,24483,178.54.12.177,18367,17,1,178,0,0,178,178,178,0,-1,-1,-1,0,0,0,0,0,0,0,0,0,0,0,0,0,0,0,0,0,0,1,178,0,0,0,0,0,0,28,0,0
10.0.1.1,67,10.0.1.4,68,17,2,668,0,0,328,334,340,8,-1,-1,-1,0,5889,5889,5889,0,0,0,0,0,5889,5889,5889,5889,0,0,0,0,0,2,668,0,0,0,0,0,0,48,0,0
10.0.1.4,24483,65.189.51.255,19297,17,272,46262,276,392465,78,170,277,58,256,1421,1452,150,121281,127181,242181,10315,21,125281,188270,17571,34587306,34587306,34587306,34587306,0,0,0,0,0,272,46262,276,392465,0,0,0,0,5448,5520,0
10.0.1.4,24483,99.90.38.37,17195,17,1,238,0,0,238,238,238,0,-1,-1,-1,0,0,0,0,0,0,0,0,0,0,0,0,0,0,0,0,0,0,1,238,0,0,0,0,0,0,28,0,0
10.0.1.4,1033,239.255.255.250,1900,17,1,161,0,0,161,161,161,0,-1,-1,-1,0,0,0,0,0,0,0,0,0,0,0,0,0,0,0,0,0,0,1,161,0,0,0,0,0,0,28,0,0
10.0.1.4,24483,76.178.80.190,20276,17,1,248,0,0,248,248,248,0,-1,-1,-1,0,0,0,0,0,0,0,0,0,0,0,0,0,0,0,0,0,0,1,248,0,0,0,0,0,0,28,0,0
0.0.0.0,68,255.255.255.255,67,17,2,693,0,0,334,346,359,17,-1,-1,-1,0,5952,5952,5952,0,0,0,0,0,5952,5952,5952,5952,0,0,0,0,0,2,693,0,0,0,0,0,0,48,0,0
10.0.1.4,24483,201.17.97.206,19672,17,1,103,0,0,103,103,103,0,-1,-1,-1,0,0,0,0,0,0,0,0,0,0,0,0,0,0,0,0,0,0,1,103,0,0,0,0,0,0,28,0,0
10.0.1.4,24483,24.176.16.81,24144,17,1,268,0,0,268,268,268,0,-1,-1,-1,0,0,0,0,0,0,0,0,0,0,0,0,0,0,0,0,0,0,1,268,0,0,0,0,0,0,28,0,0
10.0.1.4,24483,128.104.150.243,22309,17,1,284,0,0,284,284,284,0,-1,-1,-1,0,0,0,0,0,0,0,0,0,0,0,0,0,0,0,0,0,0,1,284,0,0,0,0,0,0,28,0,0
10.0.1.4,24483,98.100.139.126,18514,17,1,157,0,0,157,157,157,0,-1,-1,-1,0,0,0,0,0,0,0,0,0,0,0,0,0,0,0,0,0,0,1,157,0,0,0,0,0,0,28,0,0
10.0.1.4,24483,89.45.103.26,14406,17,1,276,0,0,276,276,276,0,-1,-1,-1,0,0,0,0,0,0,0,0,0,0,0,0,0,0,0,0,0,0,1,276,0,0,0,0,0,0,28,0,0
10.0.1.4,24483,184.226.209.60,13724,17,1,112,0,0,112,112,112,0,-1,-1,-1,0,0,0,0,0,0,0,0,0,0,0,0,0,0,0,0,0,0,1,112,0,0,0,0,0,0,28,0,0
10.0.1.15,1034,209.85.229.105,80,6,5,379,5,864,40,75,211,75,40,172,696,292,373,28095,90197,41712,40,35255,50449,23780,150421,150421,150421,150421,0,0,0,0,0,5,379,5,864,1,1,0,0,208,208,0
10.0.1.15,1035,209.85.229.94,80,6,13,698,21,22447,40,53,210,47,40,1068,1374,529,175,7767,60704,17078,30,6500,49229,14546,139418,139418,139418,139418,0,0,0,0,0,13,698,21,22447,1,3,0,0,528,848,0
10.0.1.15,1036,60.19.30.135,80,6,5,700,4,458,40,140,532,219,40,114,330,143,300,480102,1409171,664264,1835,474758,947415,472790,1920409,1920409,1920409,1920409,0,0,0,0,0,5,700,4,458,1,1,0,0,208,168,0
10.0.1.15,1038,60.19.30.135,80,6,6,837,4,399,40,139,621,235,40,99,271,114,299,475162,1436232,676878,1424,479071,969445,484135,4828814,1900649,950324,1900649,1343961,2928165,2928165,2928165,0,3,418,2,199,1,1,0,0,256,168,0
10.0.1.15,1037,60.19.30.135,80,6,47,2414,49,62286,40,51,215,35,40,1271,1374,350,287,463996,771153,196011,23,443643,784305,222046,78380182,289,1142013,5602445,1402030,1056390,4374999,11337723,3259169,3,160,3,4152,2,1,0,0,2064,1980,0
10.0.1.15,1039,60.19.30.135,80,6,24,1279,26,31730,40,53,215,35,40,1220,1374,433,376,478900,628057,139627,2168,467579,626923,126405,65861029,483195,1395346,2663139,915691,1129196,9348934,34035769,12447981,3,182,3,4532,1,0,0,0,1104,1048,0
10.0.1.4,1037,239.255.255.250,1900,17,3,483,0,0,161,161,161,0,-1,-1,-1,0,0,0,0,0,0,0,0,0,6089885,0,0,0,0,3009957,3044942,3079928,49476,1,161,0,0,0,0,0,0,68,0,0
10.0.1.15,1029,10.0.1.1,53,17,3,181,3,454,59,60,62,1,111,151,183,36,124862,124862,124862,0,191375,191375,191375,0,90037469,201493,396761,592029,276150,89243947,89243947,89243947,0,1,90,1,227,0,0,0,0,68,60,0
10.0.1.4,1033,239.255.255.250,1900,17,1,161,0,0,161,161,161,0,-1,-1,-1,0,0,0,0,0,0,0,0,0,0,0,0,0,0,0,0,0,0,1,161,0,0,0,0,0,0,28,0,0
0.0.0.0,68,255.255.255.255,67,17,2,693,0,0,334,346,359,17,-1,-1,-1,0,4030,4030,4030,0,0,0,0,0,4030,4030,4030,4030,0,0,0,0,0,2,693,0,0,0,0,0,0,48,0,0
10.0.1.15,1030,60.19.30.135,80,6,47,2242,48,63566,40,47,214,25,48,1324,1374,242,271,340855,901279,259325,282,268146,638045,249895,210385961,0,939044,5587659,1697654,1405265,16514865,68799151,20308679,3,172,3,4889,1,1,0,0,2068,1928,0
10.0.0.14,1029,10.0.0.1,53,17,1,74,1,490,74,74,74,0,490,490,490,0,0,0,0,0,0,0,0,0,223718,223718,223718,223718,0,0,0,0,0,1,74,1,490,0,0,0,0,28,20,0
10.0.2.19,1040,46.166.143.155,80,6,25,1322,35,43079,40,52,354,62,40,1230,1374,407,230,44878,103810,30534,8754,37913,144526,32099,3093460,229781,668200,1106619,620018,1757060,1757060,1757060,0,12,661,17,21539,1,4,0,0,1008,1408,0
10.0.2.19,1041,46.166.143.155,80,6,5,711,4,438,40,142,543,224,40,109,310,133,329,155053,384807,202923,120646,122968,125291,3284,65315901,237,232698,465160,328750,64850504,64850504,64850504,0,2,355,2,219,1,1,0,0,208,168,0
10.0.2.19,1039,10.0.2.1,53,17,1,58,1,74,58,58,58,0,74,74,74,0,0,0,0,0,0,0,0,0,205264,205264,205264,205264,0,0,0,0,0,1,58,1,74,0,0,0,0,28,20,0
10.0.2.2,1037,239.255.255.250,1900,17,3,483,0,0,161,161,161,0,-1,-1,-1,0,0,0,0,0,0,0,0,0,6007400,0,0,0,0,3003399,3003700,3004001,425,1,161,0,0,0,0,0,0,68,0,0
10.0.2.19,1033,239.255.255.250,1900,17,1,161,0,0,161,161,161,0,-1,-1,-1,0,0,0,0,0,0,0,0,0,0,0,0,0,0,0,0,0,0,1,161,0,0,0,0,0,0,28,0,0
10.0.2.1,67,10.0.2.19,68,17,2,661,0,0,328,330,333,3,-1,-1,-1,0,97248,97248,97248,0,0,0,0,0,97248,97248,97248,97248,0,0,0,0,0,2,661,0,0,0,0,0,0,48,0,0
10.0.2.2,1033,239.255.255.250,1900,17,1,161,0,0,161,161,161,0,-1,-1,-1,0,0,0,0,0,0,0,0,0,0,0,0,0,0,0,0,0,0,1,161,0,0,0,0,0,0,28,0,0
0.0.0.0,68,255.255.255.255,67,17,4,1340,0,0,328,335,345,8,-1,-1,-1,0,47470,80740,114011,47051,0,0,0,0,199088254,47470,80740,114011,47051,198926773,198926773,198926773,0,2,670,0,0,0,0,0,0,88,0,0
10.0.2.19,1037,239.255.255.250,1900,17,3,483,0,0,161,161,161,0,-1,-1,-1,0,0,0,0,0,0,0,0,0,6025874,0,0,0,0,3003773,3012937,3022101,12959,1,161,0,0,0,0,0,0,68,0,0
10.0.0.11,1031,192.168.1.4,80,6,5,407,2,396,40,81,239,88,48,198,348,212,226,121456,335352,185788,140433,140433,140433,0,60297947,0,182184,364369,257647,59933578,59933578,59933578,0,2,203,1,198,1,1,0,0,208,88,0
10.0.0.11,1034,173.194.70.104,80,6,5,373,5,854,40,74,205,72,40,170,686,288,290,61073,193686,91376,49,83169,138679,61504,381967,381967,381967,381967,0,0,0,0,0,5,373,5,854,1,1,0,0,208,208,0
10.0.0.11,1035,173.194.70.94,80,6,6,412,6,5092,40,68,204,66,40,848,1374,651,297,57669,201871,84336,65,44600,159529,64892,288349,288349,288349,288349,0,0,0,0,0,6,412,6,5092,1,1,0,0,248,248,0
10.0.0.11,1032,66.240.67.222,12584,6,5,739,4,168,40,147,559,229,40,42,48,4,271,729258,1538226,772090,846547,846547,846547,0,32693394,1538226,729258,1538226,772204,1149065,15252809,29356553,19945706,1,246,1,56,1,0,0,0,220,168,0
10.0.0.11,1037,173.194.70.104,80,6,5,373,5,854,40,74,205,72,40,170,686,288,284,54991,169243,79708,25,73038,169513,86452,342091,342091,342091,342091,0,0,0,0,0,5,373,5,854,1,1,0,0,208,208,0
10.0.0.11,1038,173.194.70.94,80,6,6,412,5,4210,40,68,204,66,40,842,1374,728,314,81711,193459,101836,21375,53818,123102,48011,408556,408556,408556,408556,0,0,0,0,0,6,412,5,4210,1,0,0,0,248,208,0
10.0.0.11,13723,95.13.70.189,27069,17,1,164,0,0,164,164,164,0,-1,-1,-1,0,0,0,0,0,0,0,0,0,0,0,0,0,0,0,0,0,0,1,164,0,0,0,0,0,0,28,0,0
10.0.0.11,13723,128.104.150.243,22309,17,1,286,0,0,286,286,286,0,-1,-1,-1,0,0,0,0,0,0,0,0,0,0,0,0,0,0,0,0,0,0,1,286,0,0,0,0,0,0,28,0,0
10.0.0.11,13723,201.17.97.206,19672,17,1,260,0,0,260,260,260,0,-1,-1,-1,0,0,0,0,0,0,0,0,0,0,0,0,0,0,0,0,0,0,1,260,0,0,0,0,0,0,28,0,0
10.0.0.11,13723,89.45.103.26,14406,17,1,287,0,0,287,287,287,0,-1,-1,-1,0,0,0,0,0,0,0,0,0,0,0,0,0,0,0,0,0,0,1,287,0,0,0,0,0,0,28,0,0
10.0.0.11,13723,210.15.195.98,17221,17,1,196,0,0,196,196,196,0,-1,-1,-1,0,0,0,0,0,0,0,0,0,0,0,0,0,0,0,0,0,0,1,196,0,0,0,0,0,0,28,0,0
10.0.0.11,13723,79.4.241.217,29455,17,1,277,0,0,277,277,277,0,-1,-1,-1,0,0,0,0,0,0,0,0,0,0,0,0,0,0,0,0,0,0,1,277,0,0,0,0,0,0,28,0,0
10.0.0.11,13723,74.193.93.14,15524,17,1,200,0,0,200,200,200,0,-1,-1,-1,0,0,0,0,0,0,0,0,0,0,0,0,0,0,0,0,0,0,1,200,0,0,0,0,0,0,28,0,0
10.0.0.11,13723,76.178.80.190,20276,17,1,236,0,0,236,236,236,0,-1,-1,-1,0,0,0,0,0,0,0,0,0,0,0,0,0,0,0,0,0,0,1,236,0,0,0,0,0,0,28,0,0
10.0.0.11,13723,86.123.195.34,27367,17,1,118,0,0,118,118,118,0,-1,-1,-1,0,0,0,0,0,0,0,0,0,0,0,0,0,0,0,0,0,0,1,118,0,0,0,0,0,0,28,0,0
10.0.0.11,13723,120.63.185.32,26831,17,1,295,0,0,295,295,295,0,-1,-1,-1,0,0,0,0,0,0,0,0,0,0,0,0,0,0,0,0,0,0,1,295,0,0,0,0,0,0,28,0,0
10.0.0.11,13723,111.253.191.237,19733,17,1,102,0,0,102,102,102,0,-1,-1,-1,0,0,0,0,0,0,0,0,0,0,0,0,0,0,0,0,0,0,1,102,0,0,0,0,0,0,28,0,0
10.0.0.11,13723,94.62.27.189,28510,17,1,176,0,0,176,176,176,0,-1,-1,-1,0,0,0,0,0,0,0,0,0,0,0,0,0,0,0,0,0,0,1,176,0,0,0,0,0,0,28,0,0
10.0.0.11,13723,24.176.16.81,24144,17,1,263,0,0,263,263,263,0,-1,-1,-1,0,0,0,0,0,0,0,0,0,0,0,0,0,0,0,0,0,0,1,263,0,0,0,0,0,0,28,0,0
10.0.0.11,13723,74.140.168.196,16814,17,2,334,6,2681,118,167,216,69,167,446,526,138,199294,199294,199294,0,34,49536,187913,78888,438392,438392,438392,438392,0,0,0,0,0,2,334,6,2681,0,0,0,0,48,120,0
10.0.0.11,13723,178.54.12.177,18367,17,1,102,0,0,102,102,102,0,-1,-1,-1,0,0,0,0,0,0,0,0,0,0,0,0,0,0,0,0,0,0,1,102,0,0,0,0,0,0,28,0,0
10.0.0.11,13723,178.19.25.92,25939,17,1,188,0,0,188,188,188,0,-1,-1,-1,0,0,0,0,0,0,0,0,0,0,0,0,0,0,0,0,0,0,1,188,0,0,0,0,0,0,28,0,0
10.0.0.11,13723,114.148.255.187,25178,17,2,511,6,2504,249,255,262,9,99,417,532,158,341446,341446,341446,0,34,72579,327646,142895,703489,703489,703489,703489,0,0,0,0,0,2,511,6,2504,0,0,0,0,48,120,0
10.0.0.11,13723,98.100.139.126,18514,17,2,356,6,2717,117,178,239,86,213,452,534,121,189588,189588,189588,0,35,48650,224989,98887,432116,432116,432116,432116,0,0,0,0,0,2,356,6,2717,0,0,0,0,48,120,0
10.0.0.11,13723,184.226.209.60,13724,17,375,67752,378,539881,78,180,277,57,197,1428,1452,128,348528,508115,1238046,134813,68,503274,1100411,140930,204860225,749,12270234,84498346,23041578,1000195,1486193,2394920,563905,25,4516,25,35992,0,0,0,0,7508,7560,0
10.0.0.11,13723,65.189.51.255,19297,17,2,279,6,2518,135,139,144,6,272,419,534,95,202643,202643,202643,0,16,47780,206395,89198,440782,440782,440782,440782,0,0,0,0,0,2,279,6,2518,0,0,0,0,48,120,0
10.0.0.11,13723,68.173.14.233,29211,17,2,512,6,2468,220,256,292,50,190,411,533,116,0,0,0,0,18,27,44,12,2819684,108,448,1237,685,1212322,1409169,1606017,278384,0,170,2,822,0,0,0,0,48,120,0
10.0.0.11,1033,10.0.0.1,53,17,2,119,2,559,59,59,60,0,247,279,312,45,307427,307427,307427,0,383097,383097,383097,0,444312,444312,444312,444312,0,0,0,0,0,2,119,2,559,0,0,0,0,48,40,0
10.0.0.11,13723,91.74.223.69,11141,17,1,296,0,0,296,296,296,0,-1,-1,-1,0,0,0,0,0,0,0,0,0,0,0,0,0,0,0,0,0,0,1,296,0,0,0,0,0,0,28,0,0
10.0.0.11,13723,70.184.221.22,25229,17,2,314,6,2632,144,157,170,18,280,438,523,91,211895,211895,211895,0,36,48098,204957,88180,451607,451607,451607,451607,0,0,0,0,0,2,314,6,2632,0,0,0,0,48,120,0
10.0.0.11,13723,99.90.38.37,17195,17,2,413,6,2454,198,206,215,12,152,409,525,137,196011,196011,196011,0,15,45148,192430,82801,421314,421314,421314,421314,0,0,0,0,0,2,413,6,2454,0,0,0,0,48,120,0
10.0.0.11,1031,192.168.1.4,80,6,5,407,2,396,40,81,239,88,48,198,348,212,260,104722,284327,156231,105961,105961,105961,0,60309160,0,157083,314167,222149,59994993,59994993,59994993,0,2,203,1,198,1,1,0,0,208,88,0
10.0.0.11,1034,173.194.70.106,80,6,5,373,5,854,40,74,205,72,40,170,686,288,299,55268,170782,80340,19,65855,171053,82527,312308,312308,312308,312308,0,0,0,0,0,5,373,5,854,1,1,0,0,208,208,0
10.0.0.11,1035,173.194.70.94,80,6,6,412,5,4210,40,68,204,66,40,842,1374,728,260,57355,170039,73347,20734,47745,118929,47654,286778,286778,286778,286778,0,0,0,0,0,6,412,5,4210,1,0,0,0,248,208,0
10.0.0.11,1037,173.194.70.106,80,6,5,373,5,854,40,74,205,72,40,170,686,288,318,66581,216175,102387,45,72658,138029,56514,339917,339917,339917,339917,0,0,0,0,0,5,373,5,854,1,1,0,0,208,208,0
10.0.0.11,1038,173.194.70.94,80,6,6,412,5,4210,40,68,204,66,40,842,1374,728,349,66947,188252,85215,20243,52191,121653,47552,334737,334737,334737,334737,0,0,0,0,0,6,412,5,4210,1,0,0,0,248,208,0
10.0.0.11,1039,68.173.14.233,10177,6,5,728,4,415,40,145,560,231,40,103,287,122,323,323,323,0,0,0,0,0,36106461,187,39961,199011,88911,1193735,8976663,29802511,13923819,1,145,0,83,1,1,0,0,208,168,0
10.0.0.11,27456,64.90.21.53,23482,17,1,178,0,0,178,178,178,0,-1,-1,-1,0,0,0,0,0,0,0,0,0,0,0,0,0,0,0,0,0,0,1,178,0,0,0,0,0,0,28,0,0
10.0.0.11,27456,59.116.112.183,27505,17,1,283,0,0,283,283,283,0,-1,-1,-1,0,0,0,0,0,0,0,0,0,0,0,0,0,0,0,0,0,0,1,283,0,0,0,0,0,0,28,0,0
10.0.0.11,27456,186.188.0.181,26787,17,2,389,6,2455,172,194,217,31,166,409,535,129,539459,539459,539459,0,23,103926,448779,193765,1058367,1058367,1058367,1058367,0,0,0,0,0,2,389,6,2455,0,0,0,0,48,120,0
10.0.0.11,27456,178.150.64.175,29967,17,1,271,0,0,271,271,271,0,-1,-1,-1,0,0,0,0,0,0,0,0,0,0,0,0,0,0,0,0,0,0,1,271,0,0,0,0,0,0,28,0,0
10.0.0.11,27456,66.240.67.222,21865,17,1,179,0,0,179,179,179,0,-1,-1,-1,0,0,0,0,0,0,0,0,0,0,0,0,0,0,0,0,0,0,1,179,0,0,0,0,0,0,28,0,0
10.0.0.11,27456,68.106.245.160,16381,17,2,484,6,2591,242,242,242,0,127,431,530,158,227126,227126,227126,0,17,54916,258574,114055,501038,501038,501038,501038,0,0,0,0,0,2,484,6,2591,0,0,0,0,48,120,0
10.0.0.11,27456,190.202.159.3,12939,17,1,294,0,0,294,294,294,0,-1,-1,-1,0,0,0,0,0,0,0,0,0,0,0,0,0,0,0,0,0,0,1,294,0,0,0,0,0,0,28,0,0
10.0.0.11,27456,188.24.25.118,19463,17,1,240,0,0,240,240,240,0,-1,-1,-1,0,0,0,0,0,0,0,0,0,0,0,0,0,0,0,0,0,0,1,240,0,0,0,0,0,0,28,0,0
10.0.0.11,27456,74.197.153.235,22154,17,2,390,6,2456,112,195,278,117,162,409,524,130,188759,188759,188759,0,33,45255,189446,81225,414363,414363,414363,414363,0,0,0,0,0,2,390,6,2456,0,0,0,0,48,120,0
10.0.0.11,27456,72.9.83.39,21348,17,2,299,1,528,102,149,197,67,528,528,528,0,0,0,0,0,0,0,0,0,2940330,662,331,662,468,2939668,2939668,2939668,0,1,149,0,264,0,0,0,0,48,20,0
10.0.0.11,27456,194.88.250.80,20129,17,1,299,0,0,299,299,299,0,-1,-1,-1,0,0,0,0,0,0,0,0,0,0,0,0,0,0,0,0,0,0,1,299,0,0,0,0,0,0,28,0,0
10.0.0.11,27456,174.134.88.28,19433,17,435,75573,439,626842,78,173,276,54,218,1427,1452,130,220793,249833,757699,48448,16,247560,762640,54002,108652766,108652766,108652766,108652766,0,0,0,0,0,435,75573,439,626842,0,0,0,0,8708,8780,0
10.0.0.11,27456,97.96.91.253,16138,17,2,399,6,2349,136,199,263,89,132,391,533,137,492136,492136,492136,0,17,104059,489118,215437,725962,725962,725962,725962,0,0,0,0,0,2,399,6,2349,0,0,0,0,48,120,0
10.0.0.11,27456,75.85.97.22,10371,17,1,289,0,0,289,289,289,0,-1,-1,-1,0,0,0,0,0,0,0,0,0,0,0,0,0,0,0,0,0,0,1,289,0,0,0,0,0,0,28,0,0
10.0.0.11,27456,68.4.213.203,17130,17,1,223,0,0,223,223,223,0,-1,-1,-1,0,0,0,0,0,0,0,0,0,0,0,0,0,0,0,0,0,0,1,223,0,0,0,0,0,0,28,0,0
10.0.0.11,27456,31.129.107.36,22318,17,2,361,6,2570,140,180,221,57,132,428,523,150,100898,100898,100898,0,39,26495,96864,40378,232633,232633,232633,232633,0,0,0,0,0,2,361,6,2570,0,0,0,0,48,120,0
10.0.0.11,27456,94.70.111.73,26496,17,2,365,6,2371,175,182,190,10,132,395,532,144,148062,148062,148062,0,14,41068,125910,51074,352732,352732,352732,352732,0,0,0,0,0,2,365,6,2371,0,0,0,0,48,120,0
10.0.0.11,27456,67.177.78.159,14308,17,1,227,0,0,227,227,227,0,-1,-1,-1,0,0,0,0,0,0,0,0,0,0,0,0,0,0,0,0,0,0,1,227,0,0,0,0,0,0,28,0,0
10.0.0.11,27456,99.49.81.131,20530,17,2,304,6,2615,107,152,197,63,196,435,527,122,219266,219266,219266,0,40,60973,209957,90356,523252,523252,523252,523252,0,0,0,0,0,2,304,6,2615,0,0,0,0,48,120,0
10.0.0.11,27456,117.204.76.14,16175,17,2,280,6,2344,105,140,175,49,97,390,526,150,372305,372305,372305,0,22,97577,371803,160924,859558,859558,859558,859558,0,0,0,0,0,2,280,6,2344,0,0,0,0,48,120,0
10.0.0.11,27456,186.93.200.86,20051,17,1,259,0,0,259,259,259,0,-1,-1,-1,0,0,0,0,0,0,0,0,0,0,0,0,0,0,0,0,0,0,1,259,0,0,0,0,0,0,28,0,0
10.0.0.11,27456,117.201.167.166,20666,17,2,423,6,2646,135,211,288,108,255,441,528,100,389863,389863,389863,0,42,99498,339456,136789,885973,885973,885973,885973,0,0,0,0,0,2,423,6,2646,0,0,0,0,48,120,0
10.0.0.11,1033,10.0.0.1,53,17,2,119,2,735,59,59,60,0,335,367,400,45,309796,309796,309796,0,286883,286883,286883,0,373317,373317,373317,373317,0,0,0,0,0,2,119,2,735,0,0,0,0,48,40,0
10.0.0.11,27456,24.7.200.216,20082,17,274,47554,276,392446,78,173,277,57,260,1421,1452,147,181271,212983,787837,57333,30,209959,788012,62146,67921092,52618760,19305047,52618760,28971805,4998064,5002975,5007887,6945,91,15851,92,130815,0,0,0,0,5488,5520,0
10.0.0.11,27456,75.15.148.210,27208,17,1,179,0,0,179,179,179,0,-1,-1,-1,0,0,0,0,0,0,0,0,0,0,0,0,0,0,0,0,0,0,1,179,0,0,0,0,0,0,28,0,0
10.0.0.11,27456,183.80.202.30,18140,17,1,292,0,0,292,292,292,0,-1,-1,-1,0,0,0,0,0,0,0,0,0,0,0,0,0,0,0,0,0,0,1,292,0,0,0,0,0,0,28,0,0
10.0.0.11,27456,98.219.122.157,16635,17,2,462,6,2401,190,231,272,57,112,400,533,150,242801,242801,242801,0,26,43668,206963,91414,460655,460655,460655,460655,0,0,0,0,0,2,462,6,2401,0,0,0,0,48,120,0
10.0.0.11,27456,95.9.192.71,12454,17,1,228,0,0,228,228,228,0,-1,-1,-1,0,0,0,0,0,0,0,0,0,0,0,0,0,0,0,0,0,0,1,228,0,0,0,0,0,0,28,0,0
10.0.0.11,1031,192.168.1.4,80,6,5,407,2,396,40,81,239,88,48,198,348,212,2157,98093,227848,116584,113056,113056,113056,0,60390405,0,147139,294279,208086,60096126,60096126,60096126,0,2,203,1,198,1,1,0,0,208,88,0
10.0.0.11,1034,173.194.70.147,80,6,5,373,5,854,40,74,205,72,40,170,686,288,276,42981,124969,58711,43,63675,129288,56428,300284,300284,300284,300284,0,0,0,0,0,5,373,5,854,1,1,0,0,208,208,0
10.0.0.11,1035,173.194.70.94,80,6,6,412,5,4210,40,68,204,66,40,842,1374,728,284,60297,186580,79438,21320,52041,117263,45242,301487,301487,301487,301487,0,0,0,0,0,6,412,5,4210,1,0,0,0,248,208,0
10.0.0.11,26285,117.194.242.228,23033,17,1,282,0,0,282,282,282,0,-1,-1,-1,0,0,0,0,0,0,0,0,0,0,0,0,0,0,0,0,0,0,1,282,0,0,0,0,0,0,28,0,0
10.0.0.11,26285,86.123.195.34,27367,17,1,153,0,0,153,153,153,0,-1,-1,-1,0,0,0,0,0,0,0,0,0,0,0,0,0,0,0,0,0,0,1,153,0,0,0,0,0,0,28,0,0
10.0.0.11,26285,114.148.255.187,25178,17,2,380,3,1179,116,190,264,104,188,393,528,180,377529,377529,377529,0,27,198159,396292,280201,773380,773380,773380,773380,0,0,0,0,0,2,380,3,1179,0,0,0,0,48,60,0
10.0.0.11,26285,210.15.195.98,17221,17,2,262,6,2541,81,131,181,70,212,423,530,110,438455,438455,438455,0,39,94670,433156,189637,911013,911013,911013,911013,0,0,0,0,0,2,262,6,2541,0,0,0,0,48,120,0
10.0.0.11,26285,94.62.27.189,28510,17,435,77973,436,625624,78,179,277,57,137,1434,1452,101,94285,111760,529754,33894,36608,111468,526282,34067,48597474,48597474,48597474,48597474,0,0,0,0,0,435,77973,436,625624,0,0,0,0,8708,8720,0
10.0.0.11,26285,223.206.74.51,24626,17,1,136,0,0,136,136,136,0,-1,-1,-1,0,0,0,0,0,0,0,0,0,0,0,0,0,0,0,0,0,0,1,136,0,0,0,0,0,0,28,0,0
10.0.0.11,26285,65.189.51.255,19297,17,1,257,0,0,257,257,257,0,-1,-1,-1,0,0,0,0,0,0,0,0,0,0,0,0,0,0,0,0,0,0,1,257,0,0,0,0,0,0,28,0,0
10.0.0.11,26285,98.121.175.229,25732,17,1,243,0,0,243,243,243,0,-1,-1,-1,0,0,0,0,0,0,0,0,0,0,0,0,0,0,0,0,0,0,1,243,0,0,0,0,0,0,28,0,0
10.0.0.11,26285,117.200.86.141,14055,17,1,277,0,0,277,277,277,0,-1,-1,-1,0,0,0,0,0,0,0,0,0,0,0,0,0,0,0,0,0,0,1,277,0,0,0,0,0,0,28,0,0
10.0.0.11,26285,94.203.147.11,20599,17,2,391,2,718,138,195,253,81,194,359,524,233,225760,225760,225760,0,193348,193348,193348,0,418406,418406,418406,418406,0,0,0,0,0,2,391,2,718,0,0,0,0,48,40,0
10.0.0.11,26285,98.100.139.126,18514,17,2,326,6,2517,133,163,193,42,156,419,534,140,189181,189181,189181,0,40,43998,183494,78638,408386,408386,408386,408386,0,0,0,0,0,2,326,6,2517,0,0,0,0,48,120,0
10.0.0.11,26285,201.17.97.206,19672,17,1,229,0,0,229,229,229,0,-1,-1,-1,0,0,0,0,0,0,0,0,0,0,0,0,0,0,0,0,0,0,1,229,0,0,0,0,0,0,28,0,0
10.0.0.11,26285,184.226.209.60,13724,17,2,424,3,1151,189,212,235,32,139,383,534,213,0,0,0,0,308727,308727,308727,0,3055376,692,103139,308727,178044,1267243,1372978,1478714,149532,0,141,1,383,0,0,0,0,48,60,0
10.0.0.11,26285,24.176.16.81,24144,17,1,277,0,0,277,277,277,0,-1,-1,-1,0,0,0,0,0,0,0,0,0,0,0,0,0,0,0,0,0,0,1,277,0,0,0,0,0,0,28,0,0
10.0.0.11,26285,78.181.252.7,23407,17,2,474,4,1628,215,237,259,31,190,407,533,149,164866,164866,164866,0,43,61660,142473,73129,349157,349157,349157,349157,0,0,0,0,0,2,474,4,1628,0,0,0,0,48,80,0
10.0.0.11,26285,89.45.103.26,14406,17,1,192,0,0,192,192,192,0,-1,-1,-1,0,0,0,0,0,0,0,0,0,0,0,0,0,0,0,0,0,0,1,192,0,0,0,0,0,0,28,0,0
10.0.0.11,26285,178.19.25.92,25939,17,1,208,0,0,208,208,208,0,-1,-1,-1,0,0,0,0,0,0,0,0,0,0,0,0,0,0,0,0,0,0,1,208,0,0,0,0,0,0,28,0,0
10.0.0.11,26285,88.253.116.71,29844,17,1,269,0,0,269,269,269,0,-1,-1,-1,0,0,0,0,0,0,0,0,0,0,0,0,0,0,0,0,0,0,1,269,0,0,0,0,0,0,28,0,0
10.0.0.11,26285,173.166.22.225,12538,17,2,327,5,2093,125,163,202,54,222,418,535,122,166276,166276,166276,0,43,47328,162825,77656,354839,354839,354839,354839,0,0,0,0,0,2,327,5,2093,0,0,0,0,48,100,0
10.0.0.11,26285,201.33.248.245,13094,17,2,323,6,2441,158,161,165,4,234,406,526,101,264864,264864,264864,0,42,58546,258917,112372,556915,556915,556915,556915,0,0,0,0,0,2,323,6,2441,0,0,0,0,48,120,0
10.0.0.11,26285,111.253.191.237,19733,17,1,216,0,0,216,216,216,0,-1,-1,-1,0,0,0,0,0,0,0,0,0,0,0,0,0,0,0,0,0,0,1,216,0,0,0,0,0,0,28,0,0
10.0.0.11,26285,70.184.221.22,25229,17,2,290,3,1184,123,145,167,31,185,394,524,183,214397,214397,214397,0,71483,136501,201519,91949,486650,486650,486650,486650,0,0,0,0,0,2,290,3,1184,0,0,0,0,48,60,0
10.0.0.11,26285,68.173.14.233,29211,17,2,337,6,2627,99,168,238,98,290,437,524,83,446082,446082,446082,0,41,93130,431091,189173,659630,659630,659630,659630,0,0,0,0,0,2,337,6,2627,0,0,0,0,48,120,0
10.0.0.11,26285,99.90.38.37,17195,17,2,365,3,1118,116,182,249,94,126,372,530,216,218970,218970,218970,0,25,109524,219023,154854,437300,437300,437300,437300,0,0,0,0,0,2,365,3,1118,0,0,0,0,48,60,0
10.0.0.11,1033,10.0.0.1,53,17,2,119,2,735,59,59,60,0,335,367,400,45,237031,237031,237031,0,274390,274390,274390,0,337428,337428,337428,337428,0,0,0,0,0,2,119,2,735,0,0,0,0,48,40,0
10.0.0.11,26285,178.54.12.177,18367,17,1,178,0,0,178,178,178,0,-1,-1,-1,0,0,0,0,0,0,0,0,0,0,0,0,0,0,0,0,0,0,1,178,0,0,0,0,0,0,28,0,0
10.0.0.11,26285,128.104.150.243,22309,17,1,132,0,0,132,132,132,0,-1,-1,-1,0,0,0,0,0,0,0,0,0,0,0,0,0,0,0,0,0,0,1,132,0,0,0,0,0,0,28,0,0
10.0.0.11,26285,186.188.0.181,26787,17,2,529,5,2127,258,264,271,9,203,425,536,130,270644,270644,270644,0,45,65134,214362,101431,530489,530489,530489,530489,0,0,0,0,0,2,529,5,2127,0,0,0,0,48,100,0
10.0.0.11,26285,79.4.241.217,29455,17,1,133,0,0,133,133,133,0,-1,-1,-1,0,0,0,0,0,0,0,0,0,0,0,0,0,0,0,0,0,0,1,133,0,0,0,0,0,0,28,0,0
10.0.0.11,26285,59.97.185.18,19085,17,1,242,0,0,242,242,242,0,-1,-1,-1,0,0,0,0,0,0,0,0,0,0,0,0,0,0,0,0,0,0,1,242,0,0,0,0,0,0,28,0,0
10.0.0.11,26285,74.140.168.196,16814,17,2,426,3,1119,148,213,278,91,100,373,533,237,202949,202949,202949,0,37,109358,218680,154603,421033,421033,421033,421033,0,0,0,0,0,2,426,3,1119,0,0,0,0,48,60,0
10.0.0.11,26285,63.249.90.113,10169,17,2,363,3,1253,106,181,257,106,264,417,527,136,229355,229355,229355,0,33485,127381,221278,132789,483432,483432,483432,483432,0,0,0,0,0,2,363,3,1253,0,0,0,0,48,60,0
10.0.0.11,26285,76.178.80.190,20276,17,272,47885,273,391073,78,176,277,58,241,1432,1452,109,226472,252936,583911,34424,36975,252047,575544,36289,73441758,1706140,34265734,66825329,46046220,4910289,4910289,4910289,0,136,23942,136,195536,0,0,0,0,5448,5460,0
10.0.1.4,1037,239.255.255.250,1900,17,3,483,0,0,161,161,161,0,-1,-1,-1,0,0,0,0,0,0,0,0,0,6001088,0,0,0,0,2995665,3000544,3005423,6899,1,161,0,0,0,0,0,0,68,0,0
10.0.1.15,1033,239.255.255.250,1900,17,3,483,0,0,161,161,161,0,-1,-1,-1,0,0,0,0,0,0,0,0,0,52004307,0,0,0,0,24742217,26002153,27262090,1781819,1,161,0,0,0,0,0,0,68,0,0
10.0.1.4,137,10.0.1.255,137,17,27,2538,0,0,78,94,96,5,-1,-1,-1,0,148,628356,791593,285529,0,0,0,0,37764095,1501676,5026849,8282003,3398218,10815985,11341773,11867561,743576,9,846,0,0,0,0,0,0,548,0,0
10.0.1.15,138,10.0.1.255,138,17,10,2215,0,0,204,221,229,12,-1,-1,-1,0,285,375,499,110,0,0,0,0,171898188,499,161,499,210,2058370,28649510,54404822,23080765,1,316,0,0,0,0,0,0,208,0,0
10.0.1.15,1030,239.255.255.250,1900,17,3,483,0,0,161,161,161,0,-1,-1,-1,0,0,0,0,0,0,0,0,0,6018954,0,0,0,0,3003482,3009477,3015472,8478,1,161,0,0,0,0,0,0,68,0,0
10.0.1.4,1039,10.0.1.1,53,17,3,204,2,168,68,68,68,0,84,84,84,0,990730,990730,990730,0,0,0,0,0,22175813,3401,603692,1203984,848940,20968428,20968428,20968428,0,1,102,1,84,0,0,0,0,68,40,0
10.0.1.15,137,10.0.1.255,137,17,66,6336,0,0,96,96,96,0,-1,-1,-1,0,15,566485,895029,327404,0,0,0,0,119855081,7880,3587739,8472065,3518727,1000003,10945678,44182726,15207241,7,704,0,0,0,0,0,0,1328,0,0
10.0.1.1,67,10.0.1.4,68,17,2,668,0,0,328,334,340,8,-1,-1,-1,0,5553,5553,5553,0,0,0,0,0,5553,5553,5553,5553,0,0,0,0,0,2,668,0,0,0,0,0,0,48,0,0
10.0.1.4,138,10.0.1.255,138,17,19,4267,0,0,202,224,244,11,-1,-1,-1,0,272,165511,660785,330182,0,0,0,0,180294661,0,44136,660785,170590,1001145,12830901,48249888,16166441,1,284,0,0,0,0,0,0,388,0,0
10.0.1.4,1033,239.255.255.250,1900,17,1,161,0,0,161,161,161,0,-1,-1,-1,0,0,0,0,0,0,0,0,0,0,0,0,0,0,0,0,0,0,1,161,0,0,0,0,0,0,28,0,0
0.0.0.0,68,255.255.255.255,67,17,9,3027,0,0,328,336,359,9,-1,-1,-1,0,4101,8264,20060,7867,0,0,0,0,176250698,0,6611,20060,7751,25180887,44054410,69559270,21822654,1,605,0,0,0,0,0,0,188,0,0
10.0.1.15,1037,239.255.255.250,1900,17,9,1449,0,0,161,161,161,0,-1,-1,-1,0,0,0,0,0,0,0,0,0,58112176,0,0,0,0,3004210,7264022,21230220,7873660,1,161,0,0,0,0,0,0,188,0,0
10.0.1.4,1044,74.125.79.103,80,6,5,373,5,854,40,74,205,72,40,170,686,288,845,30766,90964,41170,62,40218,73002,30179,168909,168909,168909,168909,0,0,0,0,0,5,373,5,854,1,1,0,0,208,208,0
10.0.1.4,1045,74.125.79.94,80,6,7,452,12,12096,40,64,204,61,40,1008,1374,580,296,12461,62084,24524,12,5882,50512,15192,74771,74771,74771,74771,0,0,0,0,0,7,452,12,12096,1,2,0,0,288,488,0
10.0.1.4,27477,69.208.93.133,28885,17,2,341,6,2701,104,170,237,94,282,450,531,90,149758,149758,149758,0,47,68846,269706,113214,493343,493343,493343,493343,0,0,0,0,0,2,341,6,2701,0,0,0,0,48,120,0
10.0.1.4,1037,239.255.255.250,1900,17,3,483,0,0,161,161,161,0,-1,-1,-1,0,0,0,0,0,0,0,0,0,6081758,0,0,0,0,3028026,3040879,3053732,18176,1,161,0,0,0,0,0,0,68,0,0
10.0.1.4,27477,217.36.212.203,27622,17,2,453,2,660,212,226,241,20,125,330,535,289,56575,56575,56575,0,41738,41738,41738,0,97629,97629,97629,97629,0,0,0,0,0,2,453,2,660,0,0,0,0,48,40,0
10.0.1.4,27477,184.46.28.79,13870,17,1,262,0,0,262,262,262,0,-1,-1,-1,0,0,0,0,0,0,0,0,0,0,0,0,0,0,0,0,0,0,1,262,0,0,0,0,0,0,28,0,0
10.0.1.4,27477,59.116.110.114,27505,17,1,146,0,0,146,146,146,0,-1,-1,-1,0,0,0,0,0,0,0,0,0,0,0,0,0,0,0,0,0,0,1,146,0,0,0,0,0,0,28,0,0
10.0.1.4,27477,59.94.117.53,10000,17,1,147,0,0,147,147,147,0,-1,-1,-1,0,0,0,0,0,0,0,0,0,0,0,0,0,0,0,0,0,0,1,147,0,0,0,0,0,0,28,0,0
10.0.1.4,27477,201.92.90.163,24082,17,1,227,0,0,227,227,227,0,-1,-1,-1,0,0,0,0,0,0,0,0,0,0,0,0,0,0,0,0,0,0,1,227,0,0,0,0,0,0,28,0,0
10.0.1.4,27477,114.42.141.118,26167,17,1,102,0,0,102,102,102,0,-1,-1,-1,0,0,0,0,0,0,0,0,0,0,0,0,0,0,0,0,0,0,1,102,0,0,0,0,0,0,28,0,0
10.0.1.4,27477,209.232.116.100,29451,17,1,112,0,0,112,112,112,0,-1,-1,-1,0,0,0,0,0,0,0,0,0,0,0,0,0,0,0,0,0,0,1,112,0,0,0,0,0,0,28,0,0
10.0.1.4,27477,64.130.107.100,10457,17,1,246,0,0,246,246,246,0,-1,-1,-1,0,0,0,0,0,0,0,0,0,0,0,0,0,0,0,0,0,0,1,246,0,0,0,0,0,0,28,0,0
10.0.1.4,1043,10.0.1.1,53,17,2,119,2,287,59,59,60,0,111,143,176,45,130094,130094,130094,0,211435,211435,211435,0,216394,216394,216394,216394,0,0,0,0,0,2,119,2,287,0,0,0,0,48,40,0
10.0.1.4,27477,75.38.136.56,10169,17,435,76391,439,627046,78,175,277,56,186,1428,1452,128,132003,142400,494357,39209,11,141088,493158,39873,61934354,61934354,61934354,61934354,0,0,0,0,0,435,76391,439,627046,0,0,0,0,8708,8780,0
10.0.1.4,27477,14.207.128.107,11514,17,1,162,0,0,162,162,162,0,-1,-1,-1,0,0,0,0,0,0,0,0,0,0,0,0,0,0,0,0,0,0,1,162,0,0,0,0,0,0,28,0,0
10.0.1.4,27477,111.243.28.74,27896,17,1,216,0,0,216,216,216,0,-1,-1,-1,0,0,0,0,0,0,0,0,0,0,0,0,0,0,0,0,0,0,1,216,0,0,0,0,0,0,28,0,0
10.0.1.1,67,10.0.1.4,68,17,2,668,0,0,328,334,340,8,-1,-1,-1,0,6271,6271,6271,0,0,0,0,0,6271,6271,6271,6271,0,0,0,0,0,2,668,0,0,0,0,0,0,48,0,0
10.0.1.4,27477,220.137.72.113,29561,17,1,144,0,0,144,144,144,0,-1,-1,-1,0,0,0,0,0,0,0,0,0,0,0,0,0,0,0,0,0,0,1,144,0,0,0,0,0,0,28,0,0
10.0.1.4,1033,239.255.255.250,1900,17,1,161,0,0,161,161,161,0,-1,-1,-1,0,0,0,0,0,0,0,0,0,0,0,0,0,0,0,0,0,0,1,161,0,0,0,0,0,0,28,0,0
10.0.1.4,27477,66.212.223.121,18545,17,1,215,0,0,215,215,215,0,-1,-1,-1,0,0,0,0,0,0,0,0,0,0,0,0,0,0,0,0,0,0,1,215,0,0,0,0,0,0,28,0,0
0.0.0.0,68,255.255.255.255,67,17,2,693,0,0,334,346,359,17,-1,-1,-1,0,5383,5383,5383,0,0,0,0,0,5383,5383,5383,5383,0,0,0,0,0,2,693,0,0,0,0,0,0,48,0,0
10.0.1.4,27477,99.42.129.27,25425,17,1,265,0,0,265,265,265,0,-1,-1,-1,0,0,0,0,0,0,0,0,0,0,0,0,0,0,0,0,0,0,1,265,0,0,0,0,0,0,28,0,0
10.0.1.4,27477,189.152.240.142,16779,17,1,263,0,0,263,263,263,0,-1,-1,-1,0,0,0,0,0,0,0,0,0,0,0,0,0,0,0,0,0,0,1,263,0,0,0,0,0,0,28,0,0
10.0.1.4,27477,151.74.20.217,20291,17,1,131,0,0,131,131,131,0,-1,-1,-1,0,0,0,0,0,0,0,0,0,0,0,0,0,0,0,0,0,0,1,131,0,0,0,0,0,0,28,0,0
10.0.1.4,27477,67.182.118.148,29717,17,1,142,0,0,142,142,142,0,-1,-1,-1,0,0,0,0,0,0,0,0,0,0,0,0,0,0,0,0,0,0,1,142,0,0,0,0,0,0,28,0,0
10.0.1.4,27477,68.194.138.249,22961,17,1,178,0,0,178,178,178,0,-1,-1,-1,0,0,0,0,0,0,0,0,0,0,0,0,0,0,0,0,0,0,1,178,0,0,0,0,0,0,28,0,0
10.0.1.4,27477,94.70.111.73,26496,17,273,47110,276,392405,78,172,277,58,129,1421,1452,152,81366,114498,477509,42708,36,112850,477727,44232,36138305,3360964,15567167,27773371,17262178,5003970,5003970,5003970,0,136,23555,138,196202,0,0,0,0,5468,5520,0
10.0.3.7,1063,10.0.3.1,53,17,1,57,1,130,57,57,57,0,130,130,130,0,0,0,0,0,0,0,0,0,35963,35963,35963,35963,0,0,0,0,0,1,57,1,130,0,0,0,0,28,20,0
10.0.3.7,1033,239.255.255.250,1900,17,1,161,0,0,161,161,161,0,-1,-1,-1,0,0,0,0,0,0,0,0,0,0,0,0,0,0,0,0,0,0,1,161,0,0,0,0,0,0,28,0,0
10.0.3.1,67,10.0.3.7,68,17,2,657,0,0,328,328,329,0,-1,-1,-1,0,53653,53653,53653,0,0,0,0,0,53653,53653,53653,53653,0,0,0,0,0,2,657,0,0,0,0,0,0,48,0,0
10.0.3.20,1039,239.255.255.250,1900,17,3,483,0,0,161,161,161,0,-1,-1,-1,0,0,0,0,0,0,0,0,0,6196366,0,0,0,0,3001931,3098183,3194435,136120,1,161,0,0,0,0,0,0,68,0,0
10.0.3.20,1035,239.255.255.250,1900,17,1,161,0,0,161,161,161,0,-1,-1,-1,0,0,0,0,0,0,0,0,0,0,0,0,0,0,0,0,0,0,1,161,0,0,0,0,0,0,28,0,0
10.0.3.7,137,10.0.3.255,137,17,26,2028,0,0,78,78,78,0,-1,-1,-1,0,193,469213,753297,366236,0,0,0,0,14767052,749622,5630561,10511501,6902690,3505929,3505929,3505929,0,13,1014,0,0,0,0,0,0,528,0,0
10.0.3.7,1037,239.255.255.250,1900,17,3,483,0,0,161,161,161,0,-1,-1,-1,0,0,0,0,0,0,0,0,0,6031158,0,0,0,0,3004129,3015579,3027029,16192,1,161,0,0,0,0,0,0,68,0,0
0.0.0.0,68,255.255.255.255,67,17,6,2011,0,0,328,335,347,8,-1,-1,-1,0,11571,50706,128894,67712,0,0,0,0,264005649,11571,50706,128894,67712,91019486,131926765,172834045,57851629,2,670,0,0,0,0,0,0,128,0,0
10.0.3.7,1039,10.0.3.1,53,17,2,113,2,244,56,56,57,0,114,122,130,11,0,0,0,0,0,0,0,0,230399453,20044,189226,358408,239259,230021001,230021001,230021001,0,1,56,1,122,0,0,0,0,48,40,0
10.0.3.7,1042,183.82.169.202,22226,6,5,719,3,128,40,143,551,227,40,42,48,4,271,69693,139556,80147,4238,71633,139028,95310,282563,282563,282563,282563,0,0,0,0,0,5,719,3,128,1,0,0,0,208,128,0
10.0.3.7,1044,173.194.67.104,80,6,5,373,5,854,40,74,205,72,40,170,686,288,278,150397,582512,288193,20,160425,500836,229547,659444,659444,659444,659444,0,0,0,0,0,5,373,5,854,1,1,0,0,208,208,0
10.0.3.7,1045,173.194.67.94,80,6,5,372,6,5092,40,74,204,72,40,848,1374,651,442,32991,76947,37830,64,15569,61503,26574,131967,131967,131967,131967,0,0,0,0,0,5,372,6,5092,1,1,0,0,208,248,0
10.0.3.7,1046,78.229.28.1,28598,6,5,716,3,128,40,143,548,226,40,42,48,4,315,33830,70791,38459,32813,48204,63596,21766,166938,166938,166938,166938,0,0,0,0,0,5,716,3,128,1,0,0,0,208,128,0
10.0.3.7,1047,173.194.67.104,80,6,5,373,5,854,40,74,205,72,40,170,686,288,282,28481,68003,33823,43,31206,56506,25613,169884,169884,169884,169884,0,0,0,0,0,5,373,5,854,1,1,0,0,208,208,0
10.0.3.7,1048,173.194.67.94,80,6,6,412,8,7840,40,68,204,66,40,980,1374,602,296,36481,98900,49622,39,11850,60471,22906,182405,182405,182405,182405,0,0,0,0,0,6,412,8,7840,1,1,0,0,248,328,0
10.0.3.7,27889,188.26.144.217,27803,17,1,170,0,0,170,170,170,0,-1,-1,-1,0,0,0,0,0,0,0,0,0,0,0,0,0,0,0,0,0,0,1,170,0,0,0,0,0,0,28,0,0
10.0.3.7,1033,239.255.255.250,1900,17,1,161,0,0,161,161,161,0,-1,-1,-1,0,0,0,0,0,0,0,0,0,0,0,0,0,0,0,0,0,0,1,161,0,0,0,0,0,0,28,0,0
10.0.3.7,27889,174.141.90.134,11080,17,1,113,0,0,113,113,113,0,-1,-1,-1,0,0,0,0,0,0,0,0,0,0,0,0,0,0,0,0,0,0,1,113,0,0,0,0,0,0,28,0,0
10.0.3.7,27889,72.9.83.39,21348,17,1,162,0,0,162,162,162,0,-1,-1,-1,0,0,0,0,0,0,0,0,0,0,0,0,0,0,0,0,0,0,1,162,0,0,0,0,0,0,28,0,0
10.0.3.7,27889,24.176.16.81,24144,17,1,235,0,0,235,235,235,0,-1,-1,-1,0,0,0,0,0,0,0,0,0,0,0,0,0,0,0,0,0,0,1,235,0,0,0,0,0,0,28,0,0
10.0.3.7,27889,108.222.142.237,27808,17,1,162,0,0,162,162,162,0,-1,-1,-1,0,0,0,0,0,0,0,0,0,0,0,0,0,0,0,0,0,0,1,162,0,0,0,0,0,0,28,0,0
10.0.3.7,27889,50.75.171.200,10630,17,1,134,0,0,134,134,134,0,-1,-1,-1,0,0,0,0,0,0,0,0,0,0,0,0,0,0,0,0,0,0,1,134,0,0,0,0,0,0,28,0,0
10.0.3.1,67,10.0.3.7,68,17,2,657,0,0,328,328,329,0,-1,-1,-1,0,34619,34619,34619,0,0,0,0,0,34619,34619,34619,34619,0,0,0,0,0,2,657,0,0,0,0,0,0,48,0,0
10.0.3.7,27889,89.45.103.26,14406,17,1,291,0,0,291,291,291,0,-1,-1,-1,0,0,0,0,0,0,0,0,0,0,0,0,0,0,0,0,0,0,1,291,0,0,0,0,0,0,28,0,0
10.0.3.7,1049,183.82.169.202,22226,6,3,639,2,88,40,213,551,292,40,44,48,5,283,71878,143474,101251,307528,307528,307528,0,450742,450742,450742,450742,0,0,0,0,0,3,639,2,88,1,0,0,0,128,88,0
10.0.3.7,27889,177.34.163.120,23591,17,1,132,0,0,132,132,132,0,-1,-1,-1,0,0,0,0,0,0,0,0,0,0,0,0,0,0,0,0,0,0,1,132,0,0,0,0,0,0,28,0,0
10.0.3.7,27889,68.173.14.233,29211,17,272,46797,276,392278,78,172,293,59,112,1421,1452,153,123306,185810,470738,62932,32,183111,447717,64051,50482827,50482827,50482827,50482827,0,0,0,0,0,272,46797,276,392278,0,0,0,0,5448,5520,0
10.0.3.7,27889,94.62.27.189,28510,17,435,76983,436,625424,78,176,277,57,125,1434,1452,102,43547,48163,204355,9584,5903,48048,204993,9832,20946589,20946589,20946589,20946589,0,0,0,0,0,435,76983,436,625424,0,0,0,0,8708,8720,0
10.0.3.7,27889,128.104.150.243,22309,17,1,148,0,0,148,148,148,0,-1,-1,-1,0,0,0,0,0,0,0,0,0,0,0,0,0,0,0,0,0,0,1,148,0,0,0,0,0,0,28,0,0
10.0.3.7,27889,199.187.127.198,19679,17,2,396,2,737,197,198,199,1,204,368,533,232,92716,92716,92716,0,129650,129650,129650,0,221716,221716,221716,221716,0,0,0,0,0,2,396,2,737,0,0,0,0,48,40,0
10.0.3.7,27889,87.23.48.1,24990,17,1,289,0,0,289,289,289,0,-1,-1,-1,0,0,0,0,0,0,0,0,0,0,0,0,0,0,0,0,0,0,1,289,0,0,0,0,0,0,28,0,0
10.0.3.7,27889,74.140.168.196,16814,17,2,310,5,2144,146,155,164,12,187,428,535,146,121889,121889,121889,0,55,41379,119193,54913,286538,286538,286538,286538,0,0,0,0,0,2,310,5,2144,0,0,0,0,48,100,0
10.0.3.7,27889,108.94.130.215,24606,17,1,127,0,0,127,127,127,0,-1,-1,-1,0,0,0,0,0,0,0,0,0,0,0,0,0,0,0,0,0,0,1,127,0,0,0,0,0,0,28,0,0
10.0.3.7,27889,79.112.101.75,20264,17,1,187,0,0,187,187,187,0,-1,-1,-1,0,0,0,0,0,0,0,0,0,0,0,0,0,0,0,0,0,0,1,187,0,0,0,0,0,0,28,0,0
10.0.3.7,27889,85.18.220.27,25044,17,1,231,0,0,231,231,231,0,-1,-1,-1,0,0,0,0,0,0,0,0,0,0,0,0,0,0,0,0,0,0,1,231,0,0,0,0,0,0,28,0,0
10.0.3.7,27889,94.70.111.73,26496,17,1,211,0,0,211,211,211,0,-1,-1,-1,0,0,0,0,0,0,0,0,0,0,0,0,0,0,0,0,0,0,1,211,0,0,0,0,0,0,28,0,0
10.0.3.7,27889,117.200.0.96,22725,17,1,298,0,0,298,298,298,0,-1,-1,-1,0,0,0,0,0,0,0,0,0,0,0,0,0,0,0,0,0,0,1,298,0,0,0,0,0,0,28,0,0
10.0.3.7,27889,77.78.236.169,25959,17,2,463,2,785,166,231,297,92,253,392,532,197,100732,100732,100732,0,81456,81456,81456,0,181224,181224,181224,181224,0,0,0,0,0,2,463,2,785,0,0,0,0,48,40,0
10.0.3.7,1043,10.0.3.1,53,17,2,119,2,287,59,59,60,0,111,143,176,45,609010,609010,609010,0,648552,648552,648552,0,654121,654121,654121,654121,0,0,0,0,0,2,119,2,287,0,0,0,0,48,40,0
10.0.3.7,27889,72.252.200.167,17249,17,2,273,3,1189,124,136,149,17,217,396,525,160,158984,158984,158984,0,6246,82839,159433,108319,323915,323915,323915,323915,0,0,0,0,0,2,273,3,1189,0,0,0,0,48,60,0
10.0.3.7,27889,211.73.186.159,23525,17,2,295,6,2596,128,147,167,27,141,432,528,150,629073,629073,629073,0,43,139032,681398,303210,1323619,1323619,1323619,1323619,0,0,0,0,0,2,295,6,2596,0,0,0,0,48,120,0
10.0.3.7,1037,239.255.255.250,1900,17,3,483,0,0,161,161,161,0,-1,-1,-1,0,0,0,0,0,0,0,0,0,6482693,0,0,0,0,3006994,3241346,3475699,331424,1,161,0,0,0,0,0,0,68,0,0
10.0.3.7,27889,94.203.147.11,20599,17,2,433,2,708,177,216,256,55,185,354,523,239,294029,294029,294029,0,255610,255610,255610,0,548871,548871,548871,548871,0,0,0,0,0,2,433,2,708,0,0,0,0,48,40,0
10.0.3.7,27889,201.50.187.39,24932,17,2,483,5,2157,213,241,270,40,158,431,524,154,316351,316351,316351,0,63,90639,308564,146689,613478,613478,613478,613478,0,0,0,0,0,2,483,5,2157,0,0,0,0,48,100,0
0.0.0.0,68,255.255.255.255,67,17,2,665,0,0,328,332,337,6,-1,-1,-1,0,9891,9891,9891,0,0,0,0,0,9891,9891,9891,9891,0,0,0,0,0,2,665,0,0,0,0,0,0,48,0,0
10.0.3.7,27889,79.14.221.98,26084,17,1,296,0,0,296,296,296,0,-1,-1,-1,0,0,0,0,0,0,0,0,0,0,0,0,0,0,0,0,0,0,1,296,0,0,0,0,0,0,28,0,0
10.0.3.7,27889,186.90.30.216,21272,17,2,288,3,1092,102,144,186,59,179,364,529,175,201523,201523,201523,0,8384,101322,194260,131434,403341,403341,403341,403341,0,0,0,0,0,2,288,3,1092,0,0,0,0,48,60,0
